,UNITID,CIPCODE,MAJORNUM,AWLEVEL,XCTOTALT,CTOTALT,XCTOTALM,CTOTALM,XCTOTALW,CTOTALW,XCAIANT,CAIANT,XCAIANM,CAIANM,XCAIANW,CAIANW,XCASIAT,CASIAT,XCASIAM,CASIAM,XCASIAW,CASIAW,XCBKAAT,CBKAAT,XCBKAAM,CBKAAM,XCBKAAW,CBKAAW,XCHISPT,CHISPT,XCHISPM,CHISPM,XCHISPW,CHISPW,XCNHPIT,CNHPIT,XCNHPIM,CNHPIM,XCNHPIW,CNHPIW,XCWHITT,CWHITT,XCWHITM,CWHITM,XCWHITW,CWHITW,XC2MORT,C2MORT,XC2MORM,C2MORM,XC2MORW,C2MORW,XCUNKNT,CUNKNT,XCUNKNM,CUNKNM,XCUNKNW,CUNKNW,XCNRALT,CNRALT,XCNRALM,CNRALM,XCNRALW,CNRALW  
0,100654,1.0999,1,5,R,9,R,3,R,6,R,1,R,1,Z,0,Z,0,Z,0,Z,0,R,6,R,1,R,5,R,1,Z,0,R,1,Z,0,Z,0,Z,0,R,1,R,1,Z,0,Z,0,Z,0,Z,0,Z,0,Z,0,Z,0,Z,0,Z,0,Z,0
1,100654,1.1001,1,5,R,7,R,3,R,4,Z,0,Z,0,Z,0,Z,0,Z,0,Z,0,R,7,R,3,R,4,Z,0,Z,0,Z,0,Z,0,Z,0,Z,0,Z,0,Z,0,Z,0,Z,0,Z,0,Z,0,Z,0,Z,0,Z,0,Z,0,Z,0,Z,0
2,100654,1.1001,1,7,R,7,R,1,R,6,Z,0,Z,0,Z,0,Z,0,Z,0,Z,0,R,3,Z,0,R,3,Z,0,Z,0,Z,0,Z,0,Z,0,Z,0,Z,0,Z,0,Z,0,Z,0,Z,0,Z,0,R,2,Z,0,R,2,R,2,R,1,R,1
3,100654,1.1001,1,17,R,3,R,1,R,2,Z,0,Z,0,Z,0,Z,0,Z,0,Z,0,R,3,R,1,R,2,Z,0,Z,0,Z,0,Z,0,Z,0,Z,0,Z,0,Z,0,Z,0,Z,0,Z,0,Z,0,Z,0,Z,0,Z,0,Z,0,Z,0,Z,0
4,100654,1.9999,1,5,R,1,R,1,Z,0,Z,0,Z,0,Z,0,Z,0,Z,0,Z,0,Z,0,Z,0,Z,0,Z,0,Z,0,Z,0,Z,0,Z,0,Z,0,R,1,R,1,Z,0,Z,0,Z,0,Z,0,Z,0,Z,0,Z,0,Z,0,Z,0,Z,0
5,100654,1.9999,1,7,R,8,R,2,R,6,Z,0,Z,0,Z,0,R,1,Z,0,R,1,R,2,R,1,R,1,Z,0,Z,0,Z,0,Z,0,Z,0,Z,0,R,1,Z,0,R,1,R,1,Z,0,R,1,R,1,R,1,Z,0,R,2,Z,0,R,2
6,100654,1.9999,1,17,R,3,R,2,R,1,Z,0,Z,0,Z,0,R,1,Z,0,R,1,R,1,R,1,Z,0,Z,0,Z,0,Z,0,Z,0,Z,0,Z,0,Z,0,Z,0,Z,0,Z,0,Z,0,Z,0,Z,0,Z,0,Z,0,R,1,R,1,Z,0
7,100654,3.0599,1,5,R,8,R,6,R,2,R,1,R,1,Z,0,Z,0,Z,0,Z,0,R,7,R,5,R,2,Z,0,Z,0,Z,0,Z,0,Z,0,Z,0,Z,0,Z,0,Z,0,Z,0,Z,0,Z,0,Z,0,Z,0,Z,0,Z,0,Z,0,Z,0
8,100654,4.0301,1,5,R,3,R,2,R,1,Z,0,Z,0,Z,0,Z,0,Z,0,Z,0,R,2,R,1,R,1,R,1,R,1,Z,0,Z,0,Z,0,Z,0,Z,0,Z,0,Z,0,Z,0,Z,0,Z,0,Z,0,Z,0,Z,0,Z,0,Z,0,Z,0
9,100654,4.0301,1,7,R,12,R,4,R,8,Z,0,Z,0,Z,0,R,1,R,1,Z,0,R,9,R,2,R,7,Z,0,Z,0,Z,0,Z,0,Z,0,Z,0,Z,0,Z,0,Z,0,Z,0,Z,0,Z,0,R,1,Z,0,R,1,R,1,R,1,Z,0
10,100654,9.0199,1,7,R,11,R,3,R,8,Z,0,Z,0,Z,0,Z,0,Z,0,Z,0,R,8,R,3,R,5,Z,0,Z,0,Z,0,Z,0,Z,0,Z,0,Z,0,Z,0,Z,0,Z,0,Z,0,Z,0,R,3,Z,0,R,3,Z,0,Z,0,Z,0
11,100654,10.0202,1,5,R,17,R,10,R,7,Z,0,Z,0,Z,0,Z,0,Z,0,Z,0,R,17,R,10,R,7,Z,0,Z,0,Z,0,Z,0,Z,0,Z,0,Z,0,Z,0,Z,0,Z,0,Z,0,Z,0,Z,0,Z,0,Z,0,Z,0,Z,0,Z,0
12,100654,11.0101,1,5,R,41,R,23,R,18,Z,0,Z,0,Z,0,Z,0,Z,0,Z,0,R,36,R,21,R,15,Z,0,Z,0,Z,0,Z,0,Z,0,Z,0,R,1,R,1,R,0,R,1,Z,0,R,1,R,3,R,1,R,2,Z,0,Z,0,Z,0
13,100654,11.0101,1,7,R,16,R,9,R,7,Z,0,Z,0,Z,0,Z,0,Z,0,Z,0,R,14,R,8,R,6,Z,0,Z,0,Z,0,Z,0,Z,0,Z,0,Z,0,Z,0,Z,0,Z,0,Z,0,Z,0,R,2,R,1,R,1,Z,0,Z,0,Z,0
14,100654,13.0101,1,8,R,0,R,0,Z,0,Z,0,Z,0,Z,0,Z,0,Z,0,Z,0,R,0,R,0,Z,0,Z,0,Z,0,Z,0,Z,0,Z,0,Z,0,Z,0,Z,0,Z,0,Z,0,Z,0,Z,0,Z,0,Z,0,Z,0,Z,0,Z,0,Z,0
15,100654,13.0401,1,7,R,1,R,1,Z,0,Z,0,Z,0,Z,0,Z,0,Z,0,Z,0,R,1,R,1,Z,0,Z,0,Z,0,Z,0,Z,0,Z,0,Z,0,Z,0,Z,0,Z,0,Z,0,Z,0,Z,0,Z,0,Z,0,Z,0,Z,0,Z,0,Z,0
16,100654,13.1001,1,5,R,3,R,2,R,1,Z,0,Z,0,Z,0,Z,0,Z,0,Z,0,R,3,R,2,R,1,Z,0,Z,0,Z,0,Z,0,Z,0,Z,0,Z,0,Z,0,Z,0,Z,0,Z,0,Z,0,Z,0,Z,0,Z,0,Z,0,Z,0,Z,0
17,100654,13.1001,1,7,R,1,Z,0,R,1,Z,0,Z,0,Z,0,Z,0,Z,0,Z,0,R,1,Z,0,R,1,Z,0,Z,0,Z,0,Z,0,Z,0,Z,0,Z,0,Z,0,Z,0,Z,0,Z,0,Z,0,Z,0,Z,0,Z,0,Z,0,Z,0,Z,0
18,100654,13.1012,1,5,R,8,Z,0,R,8,Z,0,Z,0,Z,0,Z,0,Z,0,Z,0,R,6,Z,0,R,6,Z,0,Z,0,Z,0,Z,0,Z,0,Z,0,R,1,Z,0,R,1,Z,0,Z,0,Z,0,R,1,Z,0,R,1,Z,0,Z,0,Z,0
19,100654,13.1202,1,5,R,6,Z,0,R,6,Z,0,Z,0,Z,0,Z,0,Z,0,Z,0,R,6,Z,0,R,6,Z,0,Z,0,Z,0,Z,0,Z,0,Z,0,Z,0,Z,0,Z,0,Z,0,Z,0,Z,0,Z,0,Z,0,Z,0,Z,0,Z,0,Z,0
20,100654,13.1202,1,7,R,1,R,1,R,0,Z,0,Z,0,Z,0,Z,0,Z,0,Z,0,Z,0,Z,0,Z,0,Z,0,Z,0,Z,0,Z,0,Z,0,Z,0,Z,0,Z,0,Z,0,Z,0,Z,0,Z,0,R,1,R,1,R,0,Z,0,Z,0,Z,0
21,100654,13.1205,1,7,R,4,R,1,R,3,Z,0,Z,0,Z,0,Z,0,Z,0,Z,0,R,3,Z,0,R,3,Z,0,Z,0,Z,0,Z,0,Z,0,Z,0,Z,0,Z,0,Z,0,Z,0,Z,0,Z,0,R,1,R,1,Z,0,Z,0,Z,0,Z,0
22,100654,13.121,1,5,R,1,Z,0,R,1,Z,0,Z,0,Z,0,Z,0,Z,0,Z,0,R,1,Z,0,R,1,Z,0,Z,0,Z,0,Z,0,Z,0,Z,0,Z,0,Z,0,Z,0,Z,0,Z,0,Z,0,Z,0,Z,0,Z,0,Z,0,Z,0,Z,0
23,100654,13.121,1,7,R,2,Z,0,R,2,Z,0,Z,0,Z,0,Z,0,Z,0,Z,0,R,1,Z,0,R,1,Z,0,Z,0,Z,0,Z,0,Z,0,Z,0,Z,0,Z,0,Z,0,Z,0,Z,0,Z,0,R,1,Z,0,R,1,Z,0,Z,0,Z,0
24,100654,13.1314,1,5,R,2,R,2,Z,0,Z,0,Z,0,Z,0,Z,0,Z,0,Z,0,R,2,R,2,Z,0,Z,0,Z,0,Z,0,Z,0,Z,0,Z,0,Z,0,Z,0,Z,0,Z,0,Z,0,Z,0,Z,0,Z,0,Z,0,Z,0,Z,0,Z,0
25,100654,13.1315,1,17,R,0,R,0,Z,0,Z,0,Z,0,Z,0,Z,0,Z,0,Z,0,Z,0,Z,0,Z,0,Z,0,Z,0,Z,0,Z,0,Z,0,Z,0,Z,0,Z,0,Z,0,Z,0,Z,0,Z,0,Z,0,Z,0,Z,0,R,0,R,0,Z,0
26,100654,14.0801,1,5,R,7,R,3,R,4,Z,0,Z,0,Z,0,Z,0,Z,0,Z,0,R,6,R,2,R,4,Z,0,Z,0,Z,0,Z,0,Z,0,Z,0,Z,0,Z,0,Z,0,Z,0,Z,0,Z,0,Z,0,Z,0,Z,0,R,1,R,1,Z,0
27,100654,14.1001,1,5,R,18,R,16,R,2,Z,0,Z,0,Z,0,Z,0,Z,0,Z,0,R,14,R,12,R,2,R,2,R,2,Z,0,Z,0,Z,0,Z,0,Z,0,Z,0,Z,0,Z,0,Z,0,Z,0,Z,0,Z,0,Z,0,R,2,R,2,Z,0
28,100654,14.1901,1,5,R,30,R,21,R,9,R,1,R,1,Z,0,Z,0,Z,0,Z,0,R,27,R,19,R,8,Z,0,Z,0,Z,0,Z,0,Z,0,Z,0,R,1,Z,0,R,1,Z,0,Z,0,Z,0,R,1,R,1,R,0,Z,0,Z,0,Z,0
29,100654,14.9999,1,7,R,27,R,16,R,11,Z,0,Z,0,Z,0,Z,0,Z,0,Z,0,R,21,R,12,R,9,Z,0,Z,0,Z,0,Z,0,Z,0,Z,0,Z,0,Z,0,Z,0,Z,0,Z,0,Z,0,R,6,R,4,R,2,Z,0,Z,0,Z,0
30,100654,15.1001,1,5,R,8,R,7,R,1,Z,0,Z,0,Z,0,Z,0,Z,0,Z,0,R,8,R,7,R,1,Z,0,Z,0,Z,0,Z,0,Z,0,Z,0,Z,0,Z,0,Z,0,Z,0,Z,0,Z,0,Z,0,Z,0,Z,0,Z,0,Z,0,Z,0
31,100654,19.0101,1,5,R,12,R,1,R,11,Z,0,Z,0,Z,0,R,1,Z,0,R,1,R,7,Z,0,R,7,Z,0,Z,0,Z,0,Z,0,Z,0,Z,0,R,1,R,1,Z,0,Z,0,Z,0,Z,0,R,3,Z,0,R,3,Z,0,Z,0,Z,0
32,100654,19.0101,1,7,R,6,R,2,R,4,Z,0,Z,0,Z,0,Z,0,Z,0,Z,0,R,5,R,2,R,3,Z,0,Z,0,Z,0,Z,0,Z,0,Z,0,Z,0,Z,0,Z,0,Z,0,Z,0,Z,0,Z,0,Z,0,Z,0,R,1,Z,0,R,1
33,100654,23.0101,1,5,R,6,R,1,R,5,Z,0,Z,0,Z,0,Z,0,Z,0,Z,0,R,5,Z,0,R,5,Z,0,Z,0,Z,0,Z,0,Z,0,Z,0,Z,0,Z,0,Z,0,Z,0,Z,0,Z,0,R,1,R,1,Z,0,Z,0,Z,0,Z,0
34,100654,24.0102,1,5,R,9,R,4,R,5,Z,0,Z,0,Z,0,Z,0,Z,0,Z,0,R,8,R,4,R,4,Z,0,Z,0,Z,0,Z,0,Z,0,Z,0,Z,0,Z,0,Z,0,Z,0,Z,0,Z,0,R,1,Z,0,R,1,Z,0,Z,0,Z,0
35,100654,26.0101,1,5,R,84,R,16,R,68,Z,0,Z,0,Z,0,Z,0,Z,0,Z,0,R,78,R,14,R,64,R,2,R,1,R,1,Z,0,Z,0,Z,0,Z,0,Z,0,Z,0,Z,0,Z,0,Z,0,R,4,R,1,R,3,Z,0,Z,0,Z,0
36,100654,26.0101,1,7,R,10,R,1,R,9,Z,0,Z,0,Z,0,Z,0,Z,0,Z,0,R,7,R,1,R,6,Z,0,Z,0,Z,0,Z,0,Z,0,Z,0,Z,0,Z,0,Z,0,Z,0,Z,0,Z,0,R,3,Z,0,R,3,Z,0,Z,0,Z,0
37,100654,27.0101,1,5,R,1,R,1,Z,0,Z,0,Z,0,Z,0,Z,0,Z,0,Z,0,R,1,R,1,Z,0,Z,0,Z,0,Z,0,Z,0,Z,0,Z,0,Z,0,Z,0,Z,0,Z,0,Z,0,Z,0,Z,0,Z,0,Z,0,Z,0,Z,0,Z,0
38,100654,31.0504,1,5,R,17,R,9,R,8,Z,0,Z,0,Z,0,Z,0,Z,0,Z,0,R,15,R,8,R,7,Z,0,Z,0,Z,0,Z,0,Z,0,Z,0,Z,0,Z,0,Z,0,R,1,R,1,R,0,R,1,Z,0,R,1,Z,0,Z,0,Z,0
39,100654,31.0505,1,7,R,10,R,5,R,5,Z,0,Z,0,Z,0,Z,0,Z,0,Z,0,R,7,R,3,R,4,Z,0,Z,0,Z,0,Z,0,Z,0,Z,0,Z,0,Z,0,Z,0,Z,0,Z,0,Z,0,R,2,R,1,R,1,R,1,R,1,Z,0
40,100654,40.0501,1,5,R,5,R,3,R,2,Z,0,Z,0,Z,0,Z,0,Z,0,Z,0,R,3,R,2,R,1,Z,0,Z,0,Z,0,Z,0,Z,0,Z,0,Z,0,Z,0,Z,0,Z,0,Z,0,Z,0,R,1,Z,0,R,1,R,1,R,1,Z,0
41,100654,40.0801,1,5,R,1,R,1,Z,0,Z,0,Z,0,Z,0,Z,0,Z,0,Z,0,R,1,R,1,Z,0,Z,0,Z,0,Z,0,Z,0,Z,0,Z,0,Z,0,Z,0,Z,0,Z,0,Z,0,Z,0,Z,0,Z,0,Z,0,Z,0,Z,0,Z,0
42,100654,40.0801,1,7,R,0,R,0,Z,0,Z,0,Z,0,Z,0,Z,0,Z,0,Z,0,Z,0,Z,0,Z,0,Z,0,Z,0,Z,0,Z,0,Z,0,Z,0,Z,0,Z,0,Z,0,Z,0,Z,0,Z,0,Z,0,Z,0,Z,0,R,0,R,0,Z,0
43,100654,40.0899,1,17,R,3,R,2,R,1,Z,0,Z,0,Z,0,Z,0,Z,0,Z,0,R,2,R,2,Z,0,Z,0,Z,0,Z,0,Z,0,Z,0,Z,0,Z,0,Z,0,Z,0,Z,0,Z,0,Z,0,R,1,Z,0,R,1,Z,0,Z,0,Z,0
44,100654,42.0101,1,5,R,38,R,11,R,27,Z,0,Z,0,Z,0,Z,0,Z,0,Z,0,R,32,R,11,R,21,Z,0,Z,0,Z,0,Z,0,Z,0,Z,0,R,1,Z,0,R,1,R,1,Z,0,R,1,R,3,Z,0,R,3,R,1,Z,0,R,1
45,100654,42.2803,1,7,R,20,R,1,R,19,Z,0,Z,0,Z,0,Z,0,Z,0,Z,0,R,14,Z,0,R,14,Z,0,Z,0,Z,0,Z,0,Z,0,Z,0,Z,0,Z,0,Z,0,Z,0,Z,0,Z,0,R,6,R,1,R,5,Z,0,Z,0,Z,0
46,100654,43.0103,1,5,R,46,R,17,R,29,Z,0,Z,0,Z,0,Z,0,Z,0,Z,0,R,36,R,12,R,24,R,2,R,1,R,1,Z,0,Z,0,Z,0,R,2,R,2,Z,0,R,1,Z,0,R,1,R,5,R,2,R,3,Z,0,Z,0,Z,0
47,100654,44.0701,1,5,R,22,R,1,R,21,Z,0,Z,0,Z,0,Z,0,Z,0,Z,0,R,19,R,1,R,18,Z,0,Z,0,Z,0,Z,0,Z,0,Z,0,Z,0,Z,0,Z,0,Z,0,Z,0,Z,0,R,3,Z,0,R,3,Z,0,Z,0,Z,0
48,100654,44.0701,1,7,R,64,R,6,R,58,Z,0,Z,0,Z,0,Z,0,Z,0,Z,0,R,32,R,2,R,30,Z,0,Z,0,Z,0,Z,0,Z,0,Z,0,R,1,Z,0,R,1,Z,0,Z,0,Z,0,R,30,R,4,R,26,R,1,Z,0,R,1
49,100654,45.1001,1,5,R,12,R,4,R,8,Z,0,Z,0,Z,0,Z,0,Z,0,Z,0,R,10,R,3,R,7,R,1,Z,0,R,1,Z,0,Z,0,Z,0,R,1,R,1,Z,0,Z,0,Z,0,Z,0,Z,0,Z,0,Z,0,Z,0,Z,0,Z,0
50,100654,45.1101,1,5,R,4,Z,0,R,4,Z,0,Z,0,Z,0,Z,0,Z,0,Z,0,R,4,Z,0,R,4,Z,0,Z,0,Z,0,Z,0,Z,0,Z,0,Z,0,Z,0,Z,0,Z,0,Z,0,Z,0,Z,0,Z,0,Z,0,Z,0,Z,0,Z,0
51,100654,50.0701,1,5,R,1,R,1,Z,0,Z,0,Z,0,Z,0,Z,0,Z,0,Z,0,R,1,R,1,Z,0,Z,0,Z,0,Z,0,Z,0,Z,0,Z,0,Z,0,Z,0,Z,0,Z,0,Z,0,Z,0,Z,0,Z,0,Z,0,Z,0,Z,0,Z,0
52,100654,50.0702,1,5,R,0,R,0,Z,0,Z,0,Z,0,Z,0,Z,0,Z,0,Z,0,Z,0,Z,0,Z,0,Z,0,Z,0,Z,0,Z,0,Z,0,Z,0,Z,0,Z,0,Z,0,Z,0,Z,0,Z,0,Z,0,Z,0,Z,0,R,0,R,0,Z,0
53,100654,50.0901,1,5,R,6,R,4,R,2,Z,0,Z,0,Z,0,Z,0,Z,0,Z,0,R,6,R,4,R,2,Z,0,Z,0,Z,0,Z,0,Z,0,Z,0,Z,0,Z,0,Z,0,Z,0,Z,0,Z,0,Z,0,Z,0,Z,0,Z,0,Z,0,Z,0
54,100654,51.0203,1,7,R,9,Z,0,R,9,Z,0,Z,0,Z,0,Z,0,Z,0,Z,0,R,2,Z,0,R,2,Z,0,Z,0,Z,0,Z,0,Z,0,Z,0,R,4,Z,0,R,4,Z,0,Z,0,Z,0,R,3,Z,0,R,3,Z,0,Z,0,Z,0
55,100654,52.0201,1,5,R,38,R,11,R,27,Z,0,Z,0,Z,0,Z,0,Z,0,Z,0,R,37,R,11,R,26,Z,0,Z,0,Z,0,Z,0,Z,0,Z,0,Z,0,Z,0,Z,0,Z,0,Z,0,Z,0,R,1,Z,0,R,1,Z,0,Z,0,Z,0
56,100654,52.0201,1,7,R,40,R,17,R,23,Z,0,Z,0,Z,0,Z,0,Z,0,Z,0,R,27,R,12,R,15,Z,0,Z,0,Z,0,Z,0,Z,0,Z,0,R,2,R,1,R,1,Z,0,Z,0,Z,0,R,10,R,3,R,7,R,1,R,1,Z,0
57,100654,52.0203,1,5,R,5,R,2,R,3,Z,0,Z,0,Z,0,Z,0,Z,0,Z,0,R,5,R,2,R,3,Z,0,Z,0,Z,0,Z,0,Z,0,Z,0,Z,0,Z,0,Z,0,Z,0,Z,0,Z,0,Z,0,Z,0,Z,0,Z,0,Z,0,Z,0
58,100654,52.0301,1,5,R,19,R,6,R,13,Z,0,Z,0,Z,0,Z,0,Z,0,Z,0,R,17,R,5,R,12,Z,0,Z,0,Z,0,Z,0,Z,0,Z,0,Z,0,Z,0,Z,0,Z,0,Z,0,Z,0,Z,0,Z,0,Z,0,R,2,R,1,R,1
59,100654,52.0701,1,5,R,1,Z,0,R,1,Z,0,Z,0,Z,0,Z,0,Z,0,Z,0,R,1,Z,0,R,1,Z,0,Z,0,Z,0,Z,0,Z,0,Z,0,Z,0,Z,0,Z,0,Z,0,Z,0,Z,0,Z,0,Z,0,Z,0,Z,0,Z,0,Z,0
60,100654,52.0801,1,5,R,5,R,3,R,2,Z,0,Z,0,Z,0,Z,0,Z,0,Z,0,R,4,R,2,R,2,Z,0,Z,0,Z,0,Z,0,Z,0,Z,0,R,1,R,1,Z,0,Z,0,Z,0,Z,0,Z,0,Z,0,Z,0,Z,0,Z,0,Z,0
61,100654,52.1401,1,5,R,10,R,6,R,4,Z,0,Z,0,Z,0,Z,0,Z,0,Z,0,R,10,R,6,R,4,Z,0,Z,0,Z,0,Z,0,Z,0,Z,0,Z,0,Z,0,Z,0,Z,0,Z,0,Z,0,Z,0,Z,0,Z,0,Z,0,Z,0,Z,0
62,100654,99.0,1,5,R,511,R,201,R,310,R,3,R,3,Z,0,R,1,Z,0,R,1,R,448,R,173,R,275,R,9,R,5,R,4,Z,0,Z,0,Z,0,R,11,R,8,R,3,R,4,R,1,R,3,R,28,R,6,R,22,R,7,R,5,R,2
63,100654,99.0,1,7,R,249,R,70,R,179,Z,0,Z,0,Z,0,R,2,R,1,R,1,R,157,R,47,R,110,Z,0,Z,0,Z,0,Z,0,Z,0,Z,0,R,8,R,1,R,7,R,1,Z,0,R,1,R,72,R,17,R,55,R,9,R,4,R,5
64,100654,99.0,1,8,R,0,R,0,Z,0,Z,0,Z,0,Z,0,Z,0,Z,0,Z,0,R,0,R,0,Z,0,Z,0,Z,0,Z,0,Z,0,Z,0,Z,0,Z,0,Z,0,Z,0,Z,0,Z,0,Z,0,Z,0,Z,0,Z,0,Z,0,Z,0,Z,0
65,100654,99.0,1,17,R,9,R,5,R,4,Z,0,Z,0,Z,0,R,1,Z,0,R,1,R,6,R,4,R,2,Z,0,Z,0,Z,0,Z,0,Z,0,Z,0,Z,0,Z,0,Z,0,Z,0,Z,0,Z,0,R,1,Z,0,R,1,R,1,R,1,Z,0
66,100663,5.0201,1,5,R,2,R,2,R,0,R,0,R,0,R,0,R,0,R,0,R,0,R,2,R,2,R,0,R,0,R,0,R,0,R,0,R,0,R,0,R,0,R,0,R,0,R,0,R,0,R,0,R,0,R,0,R,0,R,0,R,0,R,0
67,100663,9.0101,1,5,R,77,R,41,R,36,R,0,R,0,R,0,R,0,R,0,R,0,R,26,R,17,R,9,R,1,R,1,R,0,R,0,R,0,R,0,R,46,R,22,R,24,R,2,R,1,R,1,R,0,R,0,R,0,R,2,R,0,R,2
68,100663,9.0101,1,7,R,11,R,4,R,7,R,0,R,0,R,0,R,0,R,0,R,0,R,2,R,0,R,2,R,0,R,0,R,0,R,0,R,0,R,0,R,8,R,3,R,5,R,0,R,0,R,0,R,0,R,0,R,0,R,1,R,1,R,0
69,100663,9.0908,1,6,R,3,R,1,R,2,R,0,R,0,R,0,R,1,R,0,R,1,R,0,R,0,R,0,R,0,R,0,R,0,R,0,R,0,R,0,R,0,R,0,R,0,R,0,R,0,R,0,R,0,R,0,R,0,R,2,R,1,R,1
70,100663,11.0101,1,5,R,69,R,60,R,9,R,1,R,1,R,0,R,13,R,13,R,0,R,9,R,7,R,2,R,3,R,3,R,0,R,0,R,0,R,0,R,33,R,27,R,6,R,3,R,2,R,1,R,2,R,2,R,0,R,5,R,5,R,0
71,100663,11.0101,1,7,R,33,R,22,R,11,R,0,R,0,R,0,R,2,R,2,R,0,R,0,R,0,R,0,R,0,R,0,R,0,R,0,R,0,R,0,R,4,R,4,R,0,R,0,R,0,R,0,R,0,R,0,R,0,R,27,R,16,R,11
72,100663,11.0101,1,17,R,2,R,2,R,0,R,0,R,0,R,0,R,0,R,0,R,0,R,0,R,0,R,0,R,0,R,0,R,0,R,0,R,0,R,0,R,0,R,0,R,0,R,0,R,0,R,0,R,0,R,0,R,0,R,2,R,2,R,0
73,100663,11.0101,2,5,R,1,R,1,R,0,R,0,R,0,R,0,R,0,R,0,R,0,R,0,R,0,R,0,R,0,R,0,R,0,R,0,R,0,R,0,R,1,R,1,R,0,R,0,R,0,R,0,R,0,R,0,R,0,R,0,R,0,R,0
74,100663,11.0401,1,7,R,46,R,32,R,14,R,0,R,0,R,0,R,2,R,1,R,1,R,2,R,1,R,1,R,0,R,0,R,0,R,0,R,0,R,0,R,5,R,5,R,0,R,0,R,0,R,0,R,0,R,0,R,0,R,37,R,25,R,12
75,100663,11.1003,1,6,R,0,R,0,Z,0,Z,0,Z,0,Z,0,Z,0,Z,0,Z,0,Z,0,Z,0,Z,0,Z,0,Z,0,Z,0,Z,0,Z,0,Z,0,Z,0,Z,0,Z,0,Z,0,Z,0,Z,0,Z,0,Z,0,Z,0,R,0,R,0,Z,0
76,100663,11.1003,1,7,R,30,R,16,R,14,R,0,R,0,R,0,R,2,R,1,R,1,R,10,R,5,R,5,R,0,R,0,R,0,R,0,R,0,R,0,R,15,R,8,R,7,R,0,R,0,R,0,R,0,R,0,R,0,R,3,R,2,R,1
77,100663,13.0101,1,7,R,3,R,1,R,2,R,0,R,0,R,0,R,0,R,0,R,0,R,1,R,0,R,1,R,0,R,0,R,0,R,0,R,0,R,0,R,1,R,1,R,0,R,0,R,0,R,0,R,0,R,0,R,0,R,1,R,0,R,1
78,100663,13.0101,1,8,R,5,R,1,R,4,R,0,R,0,R,0,R,0,R,0,R,0,R,4,R,1,R,3,R,0,R,0,R,0,R,0,R,0,R,0,R,1,R,0,R,1,R,0,R,0,R,0,R,0,R,0,R,0,R,0,R,0,R,0
79,100663,13.0301,1,7,R,13,R,4,R,9,R,0,R,0,R,0,R,2,R,1,R,1,R,4,R,1,R,3,R,0,R,0,R,0,R,0,R,0,R,0,R,6,R,2,R,4,R,1,R,0,R,1,R,0,R,0,R,0,R,0,R,0,R,0
80,100663,13.0401,1,7,R,5,R,1,R,4,R,0,R,0,R,0,R,0,R,0,R,0,R,1,R,0,R,1,R,0,R,0,R,0,R,0,R,0,R,0,R,4,R,1,R,3,R,0,R,0,R,0,R,0,R,0,R,0,R,0,R,0,R,0
81,100663,13.0401,1,8,R,7,R,3,R,4,R,0,R,0,R,0,R,0,R,0,R,0,R,3,R,2,R,1,R,0,R,0,R,0,R,0,R,0,R,0,R,4,R,1,R,3,R,0,R,0,R,0,R,0,R,0,R,0,R,0,R,0,R,0
82,100663,13.0401,1,17,R,3,R,1,R,2,R,0,R,0,R,0,R,0,R,0,R,0,R,2,R,1,R,1,R,0,R,0,R,0,R,0,R,0,R,0,R,1,R,0,R,1,R,0,R,0,R,0,R,0,R,0,R,0,R,0,R,0,R,0
83,100663,13.0406,1,6,R,3,R,0,R,3,R,0,R,0,R,0,R,0,R,0,R,0,R,2,R,0,R,2,R,0,R,0,R,0,R,0,R,0,R,0,R,1,R,0,R,1,R,0,R,0,R,0,R,0,R,0,R,0,R,0,R,0,R,0
84,100663,13.0406,1,7,R,1,R,0,R,1,R,0,R,0,R,0,R,0,R,0,R,0,R,0,R,0,R,0,R,0,R,0,R,0,R,0,R,0,R,0,R,1,R,0,R,1,R,0,R,0,R,0,R,0,R,0,R,0,R,0,R,0,R,0
85,100663,13.0604,1,7,R,29,R,1,R,28,R,0,R,0,R,0,R,0,R,0,R,0,R,7,R,0,R,7,R,0,R,0,R,0,R,0,R,0,R,0,R,21,R,1,R,20,R,0,R,0,R,0,R,1,R,0,R,1,R,0,R,0,R,0
86,100663,13.1001,1,6,R,1,R,0,R,1,R,0,R,0,R,0,R,0,R,0,R,0,R,0,R,0,R,0,R,0,R,0,R,0,R,0,R,0,R,0,R,1,R,0,R,1,R,0,R,0,R,0,R,0,R,0,R,0,R,0,R,0,R,0
87,100663,13.1001,1,7,R,27,R,0,R,27,R,0,R,0,R,0,R,1,R,0,R,1,R,5,R,0,R,5,R,0,R,0,R,0,R,0,R,0,R,0,R,20,R,0,R,20,R,1,R,0,R,1,R,0,R,0,R,0,R,0,R,0,R,0
88,100663,13.1101,1,6,R,11,R,1,R,10,R,0,R,0,R,0,R,0,R,0,R,0,R,1,R,0,R,1,R,0,R,0,R,0,R,0,R,0,R,0,R,10,R,1,R,9,R,0,R,0,R,0,R,0,R,0,R,0,R,0,R,0,R,0
89,100663,13.1101,1,7,R,33,R,8,R,25,R,1,R,0,R,1,R,0,R,0,R,0,R,1,R,0,R,1,R,0,R,0,R,0,R,0,R,0,R,0,R,30,R,7,R,23,R,0,R,0,R,0,R,1,R,1,R,0,R,0,R,0,R,0
90,100663,13.1202,1,5,R,35,R,1,R,34,R,0,R,0,R,0,R,0,R,0,R,0,R,0,R,0,R,0,R,0,R,0,R,0,R,0,R,0,R,0,R,35,R,1,R,34,R,0,R,0,R,0,R,0,R,0,R,0,R,0,R,0,R,0
91,100663,13.1202,1,7,R,4,R,0,R,4,R,0,R,0,R,0,R,0,R,0,R,0,R,1,R,0,R,1,R,0,R,0,R,0,R,0,R,0,R,0,R,3,R,0,R,3,R,0,R,0,R,0,R,0,R,0,R,0,R,0,R,0,R,0
92,100663,13.1202,2,5,R,2,R,0,R,2,R,0,R,0,R,0,R,0,R,0,R,0,R,1,R,0,R,1,R,0,R,0,R,0,R,0,R,0,R,0,R,1,R,0,R,1,R,0,R,0,R,0,R,0,R,0,R,0,R,0,R,0,R,0
93,100663,13.1205,1,5,R,18,R,8,R,10,R,0,R,0,R,0,R,0,R,0,R,0,R,2,R,1,R,1,R,1,R,0,R,1,R,0,R,0,R,0,R,15,R,7,R,8,R,0,R,0,R,0,R,0,R,0,R,0,R,0,R,0,R,0
94,100663,13.1205,1,7,R,34,R,17,R,17,R,0,R,0,R,0,R,0,R,0,R,0,R,4,R,1,R,3,R,0,R,0,R,0,R,0,R,0,R,0,R,28,R,16,R,12,R,1,R,0,R,1,R,1,R,0,R,1,R,0,R,0,R,0
95,100663,13.121,1,5,R,17,R,0,R,17,R,0,R,0,R,0,R,0,R,0,R,0,R,3,R,0,R,3,R,0,R,0,R,0,R,0,R,0,R,0,R,14,R,0,R,14,R,0,R,0,R,0,R,0,R,0,R,0,R,0,R,0,R,0
96,100663,13.121,1,7,R,3,R,0,R,3,R,0,R,0,R,0,R,0,R,0,R,0,R,1,R,0,R,1,R,0,R,0,R,0,R,0,R,0,R,0,R,2,R,0,R,2,R,0,R,0,R,0,R,0,R,0,R,0,R,0,R,0,R,0
97,100663,13.121,1,17,R,6,R,0,R,6,R,0,R,0,R,0,R,0,R,0,R,0,R,3,R,0,R,3,R,0,R,0,R,0,R,0,R,0,R,0,R,2,R,0,R,2,R,0,R,0,R,0,R,0,R,0,R,0,R,1,R,0,R,1
98,100663,13.1302,1,7,R,10,R,2,R,8,R,0,R,0,R,0,R,0,R,0,R,0,R,0,R,0,R,0,R,0,R,0,R,0,R,0,R,0,R,0,R,9,R,1,R,8,R,0,R,0,R,0,R,1,R,1,R,0,R,0,R,0,R,0
99,100663,13.1307,1,6,R,8,R,2,R,6,R,0,R,0,R,0,R,0,R,0,R,0,R,4,R,1,R,3,R,0,R,0,R,0,R,0,R,0,R,0,R,4,R,1,R,3,R,0,R,0,R,0,R,0,R,0,R,0,R,0,R,0,R,0
100,100663,13.1314,1,5,R,122,R,50,R,72,R,0,R,0,R,0,R,7,R,4,R,3,R,49,R,23,R,26,R,3,R,2,R,1,R,0,R,0,R,0,R,51,R,16,R,35,R,8,R,3,R,5,R,3,R,1,R,2,R,1,R,1,R,0
101,100663,13.1314,1,7,R,16,R,7,R,9,R,0,R,0,R,0,R,3,R,1,R,2,R,6,R,3,R,3,R,0,R,0,R,0,R,0,R,0,R,0,R,7,R,3,R,4,R,0,R,0,R,0,R,0,R,0,R,0,R,0,R,0,R,0
102,100663,13.1315,1,7,R,4,R,0,R,4,R,0,R,0,R,0,R,0,R,0,R,0,R,2,R,0,R,2,R,0,R,0,R,0,R,0,R,0,R,0,R,2,R,0,R,2,R,0,R,0,R,0,R,0,R,0,R,0,R,0,R,0,R,0
103,100663,13.1401,1,6,R,11,R,1,R,10,R,0,R,0,R,0,R,0,R,0,R,0,R,2,R,0,R,2,R,0,R,0,R,0,R,0,R,0,R,0,R,9,R,1,R,8,R,0,R,0,R,0,R,0,R,0,R,0,R,0,R,0,R,0
104,100663,13.1401,1,7,R,29,R,2,R,27,R,0,R,0,R,0,R,1,R,0,R,1,R,2,R,0,R,2,R,0,R,0,R,0,R,0,R,0,R,0,R,20,R,1,R,19,R,0,R,0,R,0,R,3,R,1,R,2,R,3,R,0,R,3
105,100663,13.1401,1,8,R,14,R,2,R,12,R,0,R,0,R,0,R,1,R,0,R,1,R,0,R,0,R,0,R,2,R,0,R,2,R,0,R,0,R,0,R,11,R,2,R,9,R,0,R,0,R,0,R,0,R,0,R,0,R,0,R,0,R,0
106,100663,14.0101,1,7,R,139,R,102,R,37,R,1,R,1,R,0,R,4,R,3,R,1,R,31,R,23,R,8,R,3,R,3,R,0,R,0,R,0,R,0,R,88,R,64,R,24,R,0,R,0,R,0,R,8,R,5,R,3,R,4,R,3,R,1
107,100663,14.0501,1,5,R,51,R,25,R,26,R,0,R,0,R,0,R,9,R,6,R,3,R,2,R,2,R,0,R,2,R,2,R,0,R,0,R,0,R,0,R,32,R,12,R,20,R,5,R,3,R,2,R,0,R,0,R,0,R,1,R,0,R,1
108,100663,14.0501,1,7,R,3,R,2,R,1,R,0,R,0,R,0,R,0,R,0,R,0,R,0,R,0,R,0,R,0,R,0,R,0,R,0,R,0,R,0,R,2,R,1,R,1,R,0,R,0,R,0,R,0,R,0,R,0,R,1,R,1,R,0
109,100663,14.0501,1,17,R,4,R,0,R,4,R,0,R,0,R,0,R,0,R,0,R,0,R,0,R,0,R,0,R,0,R,0,R,0,R,0,R,0,R,0,R,1,R,0,R,1,R,0,R,0,R,0,R,0,R,0,R,0,R,3,R,0,R,3
110,100663,14.0801,1,5,R,44,R,35,R,9,R,0,R,0,R,0,R,0,R,0,R,0,R,3,R,2,R,1,R,3,R,3,R,0,R,0,R,0,R,0,R,31,R,23,R,8,R,1,R,1,R,0,R,0,R,0,R,0,R,6,R,6,R,0
111,100663,14.0801,1,7,R,4,R,3,R,1,R,0,R,0,R,0,R,0,R,0,R,0,R,0,R,0,R,0,R,0,R,0,R,0,R,0,R,0,R,0,R,1,R,1,R,0,R,0,R,0,R,0,R,0,R,0,R,0,R,3,R,2,R,1
112,100663,14.0801,1,17,R,2,R,1,R,1,R,0,R,0,R,0,R,0,R,0,R,0,R,0,R,0,R,0,R,0,R,0,R,0,R,0,R,0,R,0,R,0,R,0,R,0,R,0,R,0,R,0,R,0,R,0,R,0,R,2,R,1,R,1
113,100663,14.0901,1,17,R,5,R,5,R,0,R,0,R,0,R,0,R,0,R,0,R,0,R,1,R,1,R,0,R,0,R,0,R,0,R,0,R,0,R,0,R,1,R,1,R,0,R,0,R,0,R,0,R,0,R,0,R,0,R,3,R,3,R,0
114,100663,14.1001,1,5,R,15,R,12,R,3,R,0,R,0,R,0,R,2,R,2,R,0,R,3,R,1,R,2,R,0,R,0,R,0,R,0,R,0,R,0,R,9,R,8,R,1,R,0,R,0,R,0,R,0,R,0,R,0,R,1,R,1,R,0
115,100663,14.1001,1,7,R,0,R,0,Z,0,Z,0,Z,0,Z,0,Z,0,Z,0,Z,0,Z,0,Z,0,Z,0,Z,0,Z,0,Z,0,Z,0,Z,0,Z,0,Z,0,Z,0,Z,0,Z,0,Z,0,Z,0,Z,0,Z,0,Z,0,R,0,R,0,Z,0
116,100663,14.1801,1,5,R,15,R,11,R,4,R,0,R,0,R,0,R,1,R,1,R,0,R,1,R,1,R,0,R,2,R,1,R,1,R,0,R,0,R,0,R,9,R,6,R,3,R,1,R,1,R,0,R,0,R,0,R,0,R,1,R,1,R,0
117,100663,14.1801,1,7,R,5,R,4,R,1,R,0,R,0,R,0,R,0,R,0,R,0,R,1,R,1,R,0,R,0,R,0,R,0,R,0,R,0,R,0,R,1,R,1,R,0,R,0,R,0,R,0,R,0,R,0,R,0,R,3,R,2,R,1
118,100663,14.1801,1,17,R,1,R,1,R,0,R,0,R,0,R,0,R,0,R,0,R,0,R,1,R,1,R,0,R,0,R,0,R,0,R,0,R,0,R,0,R,0,R,0,R,0,R,0,R,0,R,0,R,0,R,0,R,0,R,0,R,0,R,0
119,100663,14.1901,1,5,R,47,R,40,R,7,R,0,R,0,R,0,R,3,R,2,R,1,R,1,R,0,R,1,R,4,R,4,R,0,R,0,R,0,R,0,R,30,R,26,R,4,R,2,R,1,R,1,R,0,R,0,R,0,R,7,R,7,R,0
120,100663,14.1901,1,7,R,4,R,4,R,0,R,0,R,0,R,0,R,0,R,0,R,0,R,0,R,0,R,0,R,0,R,0,R,0,R,0,R,0,R,0,R,1,R,1,R,0,R,0,R,0,R,0,R,0,R,0,R,0,R,3,R,3,R,0
121,100663,14.3301,1,6,R,0,R,0,Z,0,Z,0,Z,0,Z,0,Z,0,Z,0,Z,0,Z,0,Z,0,Z,0,Z,0,Z,0,Z,0,Z,0,Z,0,Z,0,Z,0,Z,0,Z,0,Z,0,Z,0,Z,0,Z,0,Z,0,Z,0,R,0,R,0,Z,0
122,100663,14.4701,1,7,R,14,R,9,R,5,R,0,R,0,R,0,R,0,R,0,R,0,R,0,R,0,R,0,R,0,R,0,R,0,R,0,R,0,R,0,R,0,R,0,R,0,R,0,R,0,R,0,R,0,R,0,R,0,R,14,R,9,R,5
123,100663,14.9999,1,7,R,3,R,0,R,3,R,0,R,0,R,0,R,0,R,0,R,0,R,0,R,0,R,0,R,0,R,0,R,0,R,0,R,0,R,0,R,2,R,0,R,2,R,0,R,0,R,0,R,0,R,0,R,0,R,1,R,0,R,1
124,100663,14.9999,1,17,R,6,R,6,R,0,R,0,R,0,R,0,R,1,R,1,R,0,R,0,R,0,R,0,R,0,R,0,R,0,R,0,R,0,R,0,R,3,R,3,R,0,R,0,R,0,R,0,R,0,R,0,R,0,R,2,R,2,R,0
125,100663,16.0101,1,5,R,17,R,3,R,14,R,0,R,0,R,0,R,0,R,0,R,0,R,4,R,1,R,3,R,1,R,0,R,1,R,0,R,0,R,0,R,8,R,1,R,7,R,2,R,1,R,1,R,1,R,0,R,1,R,1,R,0,R,1
126,100663,16.0101,2,5,R,1,R,1,R,0,R,0,R,0,R,0,R,0,R,0,R,0,R,0,R,0,R,0,R,0,R,0,R,0,R,0,R,0,R,0,R,1,R,1,R,0,R,0,R,0,R,0,R,0,R,0,R,0,R,0,R,0,R,0
127,100663,16.0905,1,2,R,4,R,1,R,3,R,0,R,0,R,0,R,0,R,0,R,0,R,0,R,0,R,0,R,0,R,0,R,0,R,0,R,0,R,0,R,4,R,1,R,3,R,0,R,0,R,0,R,0,R,0,R,0,R,0,R,0,R,0
128,100663,23.0101,1,5,R,45,R,14,R,31,R,0,R,0,R,0,R,1,R,0,R,1,R,8,R,2,R,6,R,2,R,0,R,2,R,1,R,0,R,1,R,31,R,11,R,20,R,2,R,1,R,1,R,0,R,0,R,0,R,0,R,0,R,0
129,100663,23.0101,1,7,R,10,R,2,R,8,R,0,R,0,R,0,R,0,R,0,R,0,R,1,R,0,R,1,R,0,R,0,R,0,R,0,R,0,R,0,R,7,R,0,R,7,R,1,R,1,R,0,R,0,R,0,R,0,R,1,R,1,R,0
130,100663,23.0101,2,5,R,8,R,1,R,7,R,0,R,0,R,0,R,0,R,0,R,0,R,1,R,0,R,1,R,0,R,0,R,0,R,0,R,0,R,0,R,7,R,1,R,6,R,0,R,0,R,0,R,0,R,0,R,0,R,0,R,0,R,0
131,100663,24.0102,1,5,R,74,R,29,R,45,R,0,R,0,R,0,R,1,R,1,R,0,R,31,R,14,R,17,R,2,R,0,R,2,R,0,R,0,R,0,R,35,R,14,R,21,R,3,R,0,R,3,R,1,R,0,R,1,R,1,R,0,R,1
132,100663,24.0199,1,5,R,20,R,4,R,16,R,0,R,0,R,0,R,0,R,0,R,0,R,8,R,1,R,7,R,3,R,0,R,3,R,0,R,0,R,0,R,9,R,3,R,6,R,0,R,0,R,0,R,0,R,0,R,0,R,0,R,0,R,0
133,100663,24.0199,2,5,R,1,R,0,R,1,R,0,R,0,R,0,R,0,R,0,R,0,R,0,R,0,R,0,R,0,R,0,R,0,R,0,R,0,R,0,R,1,R,0,R,1,R,0,R,0,R,0,R,0,R,0,R,0,R,0,R,0,R,0
134,100663,26.0101,1,5,R,134,R,41,R,93,R,0,R,0,R,0,R,24,R,8,R,16,R,17,R,1,R,16,R,9,R,3,R,6,R,0,R,0,R,0,R,71,R,27,R,44,R,7,R,1,R,6,R,4,R,1,R,3,R,2,R,0,R,2
135,100663,26.0101,1,6,R,2,R,1,R,1,R,0,R,0,R,0,R,0,R,0,R,0,R,0,R,0,R,0,R,0,R,0,R,0,R,0,R,0,R,0,R,2,R,1,R,1,R,0,R,0,R,0,R,0,R,0,R,0,R,0,R,0,R,0
136,100663,26.0101,1,7,R,17,R,2,R,15,R,0,R,0,R,0,R,2,R,0,R,2,R,2,R,0,R,2,R,3,R,0,R,3,R,0,R,0,R,0,R,10,R,2,R,8,R,0,R,0,R,0,R,0,R,0,R,0,R,0,R,0,R,0
137,100663,26.0101,1,17,R,7,R,2,R,5,R,0,R,0,R,0,R,0,R,0,R,0,R,1,R,0,R,1,R,0,R,0,R,0,R,0,R,0,R,0,R,3,R,1,R,2,R,0,R,0,R,0,R,0,R,0,R,0,R,3,R,1,R,2
138,100663,26.0101,2,5,R,1,R,0,R,1,R,0,R,0,R,0,R,1,R,0,R,1,R,0,R,0,R,0,R,0,R,0,R,0,R,0,R,0,R,0,R,0,R,0,R,0,R,0,R,0,R,0,R,0,R,0,R,0,R,0,R,0,R,0
139,100663,26.0102,1,5,R,113,R,37,R,76,R,0,R,0,R,0,R,23,R,8,R,15,R,13,R,4,R,9,R,7,R,4,R,3,R,0,R,0,R,0,R,62,R,19,R,43,R,7,R,1,R,6,R,0,R,0,R,0,R,1,R,1,R,0
140,100663,26.0102,1,7,R,135,R,43,R,92,R,0,R,0,R,0,R,15,R,10,R,5,R,38,R,8,R,30,R,3,R,2,R,1,R,0,R,0,R,0,R,63,R,18,R,45,R,6,R,1,R,5,R,1,R,1,R,0,R,9,R,3,R,6
141,100663,26.0205,1,17,R,5,R,1,R,4,R,0,R,0,R,0,R,0,R,0,R,0,R,0,R,0,R,0,R,3,R,0,R,3,R,0,R,0,R,0,R,2,R,1,R,1,R,0,R,0,R,0,R,0,R,0,R,0,R,0,R,0,R,0
142,100663,26.0401,1,17,R,10,R,2,R,8,R,0,R,0,R,0,R,1,R,0,R,1,R,2,R,0,R,2,R,0,R,0,R,0,R,0,R,0,R,0,R,4,R,1,R,3,R,0,R,0,R,0,R,0,R,0,R,0,R,3,R,1,R,2
143,100663,26.0403,1,7,R,0,R,0,Z,0,Z,0,Z,0,Z,0,Z,0,Z,0,Z,0,Z,0,Z,0,Z,0,Z,0,Z,0,Z,0,Z,0,Z,0,Z,0,Z,0,Z,0,Z,0,Z,0,Z,0,Z,0,Z,0,Z,0,Z,0,R,0,R,0,Z,0
144,100663,26.0502,1,17,R,12,R,7,R,5,R,0,R,0,R,0,R,0,R,0,R,0,R,3,R,2,R,1,R,0,R,0,R,0,R,0,R,0,R,0,R,8,R,5,R,3,R,1,R,0,R,1,R,0,R,0,R,0,R,0,R,0,R,0
145,100663,26.0507,1,5,R,12,R,4,R,8,R,0,R,0,R,0,R,2,R,0,R,2,R,0,R,0,R,0,R,1,R,1,R,0,R,0,R,0,R,0,R,8,R,3,R,5,R,1,R,0,R,1,R,0,R,0,R,0,R,0,R,0,R,0
146,100663,26.0801,1,5,R,21,R,7,R,14,R,0,R,0,R,0,R,3,R,2,R,1,R,0,R,0,R,0,R,0,R,0,R,0,R,0,R,0,R,0,R,15,R,4,R,11,R,2,R,0,R,2,R,1,R,1,R,0,R,0,R,0,R,0
147,100663,26.0806,1,17,R,6,R,0,R,6,R,0,R,0,R,0,R,0,R,0,R,0,R,1,R,0,R,1,R,1,R,0,R,1,R,0,R,0,R,0,R,2,R,0,R,2,R,1,R,0,R,1,R,0,R,0,R,0,R,1,R,0,R,1
148,100663,26.0902,1,17,R,2,R,1,R,1,R,0,R,0,R,0,R,0,R,0,R,0,R,0,R,0,R,0,R,0,R,0,R,0,R,0,R,0,R,0,R,2,R,1,R,1,R,0,R,0,R,0,R,0,R,0,R,0,R,0,R,0,R,0
149,100663,26.0909,1,7,R,0,R,0,Z,0,Z,0,Z,0,Z,0,Z,0,Z,0,Z,0,Z,0,Z,0,Z,0,Z,0,Z,0,Z,0,Z,0,Z,0,Z,0,Z,0,Z,0,Z,0,Z,0,Z,0,Z,0,Z,0,Z,0,Z,0,R,0,R,0,Z,0
150,100663,26.0909,1,17,R,3,R,1,R,2,R,0,R,0,R,0,R,0,R,0,R,0,R,0,R,0,R,0,R,0,R,0,R,0,R,0,R,0,R,0,R,1,R,0,R,1,R,0,R,0,R,0,R,0,R,0,R,0,R,2,R,1,R,1
151,100663,26.091,1,17,R,0,R,0,Z,0,Z,0,Z,0,Z,0,Z,0,Z,0,Z,0,Z,0,Z,0,Z,0,Z,0,Z,0,Z,0,Z,0,Z,0,Z,0,Z,0,Z,0,Z,0,Z,0,Z,0,Z,0,Z,0,Z,0,Z,0,R,0,R,0,Z,0
152,100663,26.0911,1,5,R,2,R,1,R,1,R,0,R,0,R,0,R,0,R,0,R,0,R,0,R,0,R,0,R,0,R,0,R,0,R,0,R,0,R,0,R,2,R,1,R,1,R,0,R,0,R,0,R,0,R,0,R,0,R,0,R,0,R,0
153,100663,26.1007,1,17,R,0,R,0,Z,0,Z,0,Z,0,Z,0,Z,0,Z,0,Z,0,Z,0,Z,0,Z,0,Z,0,Z,0,Z,0,Z,0,Z,0,Z,0,Z,0,Z,0,Z,0,Z,0,Z,0,Z,0,Z,0,Z,0,Z,0,R,0,R,0,Z,0
154,100663,26.1102,1,7,R,3,R,1,R,2,R,0,R,0,R,0,R,1,R,0,R,1,R,0,R,0,R,0,R,0,R,0,R,0,R,0,R,0,R,0,R,1,R,1,R,0,R,0,R,0,R,0,R,0,R,0,R,0,R,1,R,0,R,1
155,100663,26.1102,1,17,R,3,R,2,R,1,R,0,R,0,R,0,R,0,R,0,R,0,R,0,R,0,R,0,R,0,R,0,R,0,R,0,R,0,R,0,R,3,R,2,R,1,R,0,R,0,R,0,R,0,R,0,R,0,R,0,R,0,R,0
156,100663,26.1103,1,5,R,1,R,0,R,1,R,0,R,0,R,0,R,0,R,0,R,0,R,0,R,0,R,0,R,0,R,0,R,0,R,0,R,0,R,0,R,1,R,0,R,1,R,0,R,0,R,0,R,0,R,0,R,0,R,0,R,0,R,0
157,100663,26.1201,1,6,R,8,R,2,R,6,R,0,R,0,R,0,R,1,R,1,R,0,R,5,R,0,R,5,R,0,R,0,R,0,R,0,R,0,R,0,R,2,R,1,R,1,R,0,R,0,R,0,R,0,R,0,R,0,R,0,R,0,R,0
158,100663,26.1201,1,7,R,27,R,7,R,20,R,0,R,0,R,0,R,4,R,0,R,4,R,8,R,1,R,7,R,0,R,0,R,0,R,0,R,0,R,0,R,7,R,3,R,4,R,1,R,1,R,0,R,0,R,0,R,0,R,7,R,2,R,5
159,100663,26.1309,1,17,R,7,R,2,R,5,R,0,R,0,R,0,R,0,R,0,R,0,R,0,R,0,R,0,R,0,R,0,R,0,R,0,R,0,R,0,R,0,R,0,R,0,R,0,R,0,R,0,R,0,R,0,R,0,R,7,R,2,R,5
160,100663,26.1501,1,5,R,75,R,29,R,46,R,0,R,0,R,0,R,27,R,13,R,14,R,4,R,0,R,4,R,7,R,4,R,3,R,0,R,0,R,0,R,35,R,11,R,24,R,2,R,1,R,1,R,0,R,0,R,0,R,0,R,0,R,0
161,100663,26.1501,2,5,R,3,R,1,R,2,R,0,R,0,R,0,R,0,R,0,R,0,R,1,R,0,R,1,R,0,R,0,R,0,R,0,R,0,R,0,R,2,R,1,R,1,R,0,R,0,R,0,R,0,R,0,R,0,R,0,R,0,R,0
162,100663,26.1503,1,17,R,9,R,4,R,5,R,0,R,0,R,0,R,0,R,0,R,0,R,2,R,1,R,1,R,1,R,0,R,1,R,0,R,0,R,0,R,6,R,3,R,3,R,0,R,0,R,0,R,0,R,0,R,0,R,0,R,0,R,0
163,100663,27.0101,1,5,R,18,R,9,R,9,R,0,R,0,R,0,R,2,R,0,R,2,R,2,R,0,R,2,R,1,R,1,R,0,R,0,R,0,R,0,R,12,R,8,R,4,R,1,R,0,R,1,R,0,R,0,R,0,R,0,R,0,R,0
164,100663,27.0101,1,7,R,2,R,2,R,0,R,0,R,0,R,0,R,0,R,0,R,0,R,0,R,0,R,0,R,0,R,0,R,0,R,0,R,0,R,0,R,2,R,2,R,0,R,0,R,0,R,0,R,0,R,0,R,0,R,0,R,0,R,0
165,100663,27.0101,2,5,R,1,R,1,R,0,R,0,R,0,R,0,R,0,R,0,R,0,R,0,R,0,R,0,R,0,R,0,R,0,R,0,R,0,R,0,R,1,R,1,R,0,R,0,R,0,R,0,R,0,R,0,R,0,R,0,R,0,R,0
166,100663,27.0301,1,17,R,4,R,3,R,1,R,0,R,0,R,0,R,0,R,0,R,0,R,0,R,0,R,0,R,0,R,0,R,0,R,0,R,0,R,0,R,0,R,0,R,0,R,0,R,0,R,0,R,0,R,0,R,0,R,4,R,3,R,1
167,100663,27.0599,1,6,R,1,R,1,R,0,R,0,R,0,R,0,R,0,R,0,R,0,R,0,R,0,R,0,R,0,R,0,R,0,R,0,R,0,R,0,R,1,R,1,R,0,R,0,R,0,R,0,R,0,R,0,R,0,R,0,R,0,R,0
168,100663,30.0601,1,6,R,53,R,15,R,38,R,1,R,0,R,1,R,2,R,0,R,2,R,5,R,1,R,4,R,0,R,0,R,0,R,0,R,0,R,0,R,38,R,12,R,26,R,1,R,0,R,1,R,5,R,1,R,4,R,1,R,1,R,0
169,100663,30.0601,1,7,R,13,R,5,R,8,R,0,R,0,R,0,R,1,R,1,R,0,R,1,R,0,R,1,R,0,R,0,R,0,R,0,R,0,R,0,R,8,R,3,R,5,R,0,R,0,R,0,R,1,R,0,R,1,R,2,R,1,R,1
170,100663,30.1901,1,17,R,1,R,0,R,1,R,0,R,0,R,0,R,0,R,0,R,0,R,0,R,0,R,0,R,0,R,0,R,0,R,0,R,0,R,0,R,1,R,0,R,1,R,0,R,0,R,0,R,0,R,0,R,0,R,0,R,0,R,0
171,100663,30.2301,1,17,R,7,R,3,R,4,R,0,R,0,R,0,R,0,R,0,R,0,R,3,R,2,R,1,R,0,R,0,R,0,R,0,R,0,R,0,R,4,R,1,R,3,R,0,R,0,R,0,R,0,R,0,R,0,R,0,R,0,R,0
172,100663,30.9999,1,6,R,20,R,6,R,14,R,0,R,0,R,0,R,1,R,0,R,1,R,3,R,0,R,3,R,1,R,0,R,1,R,0,R,0,R,0,R,11,R,3,R,8,R,0,R,0,R,0,R,0,R,0,R,0,R,4,R,3,R,1
173,100663,30.9999,1,7,R,6,R,1,R,5,R,0,R,0,R,0,R,0,R,0,R,0,R,2,R,0,R,2,R,0,R,0,R,0,R,0,R,0,R,0,R,3,R,1,R,2,R,1,R,0,R,1,R,0,R,0,R,0,R,0,R,0,R,0
174,100663,38.0101,1,5,R,15,R,9,R,6,R,0,R,0,R,0,R,2,R,0,R,2,R,0,R,0,R,0,R,1,R,1,R,0,R,0,R,0,R,0,R,11,R,8,R,3,R,1,R,0,R,1,R,0,R,0,R,0,R,0,R,0,R,0
175,100663,38.0101,2,5,R,8,R,6,R,2,R,0,R,0,R,0,R,1,R,1,R,0,R,1,R,1,R,0,R,1,R,1,R,0,R,0,R,0,R,0,R,5,R,3,R,2,R,0,R,0,R,0,R,0,R,0,R,0,R,0,R,0,R,0
176,100663,40.0501,1,5,R,52,R,16,R,36,R,0,R,0,R,0,R,8,R,2,R,6,R,10,R,2,R,8,R,3,R,1,R,2,R,0,R,0,R,0,R,28,R,11,R,17,R,2,R,0,R,2,R,0,R,0,R,0,R,1,R,0,R,1
177,100663,40.0501,1,7,R,3,R,2,R,1,R,0,R,0,R,0,R,0,R,0,R,0,R,1,R,0,R,1,R,0,R,0,R,0,R,0,R,0,R,0,R,2,R,2,R,0,R,0,R,0,R,0,R,0,R,0,R,0,R,0,R,0,R,0
178,100663,40.0501,1,17,R,3,R,1,R,2,R,0,R,0,R,0,R,0,R,0,R,0,R,0,R,0,R,0,R,1,R,0,R,1,R,0,R,0,R,0,R,2,R,1,R,1,R,0,R,0,R,0,R,0,R,0,R,0,R,0,R,0,R,0
179,100663,40.0801,1,5,R,13,R,8,R,5,R,0,R,0,R,0,R,0,R,0,R,0,R,1,R,1,R,0,R,1,R,1,R,0,R,0,R,0,R,0,R,10,R,6,R,4,R,1,R,0,R,1,R,0,R,0,R,0,R,0,R,0,R,0
180,100663,40.0801,1,7,R,5,R,5,R,0,R,0,R,0,R,0,R,0,R,0,R,0,R,0,R,0,R,0,R,0,R,0,R,0,R,0,R,0,R,0,R,4,R,4,R,0,R,0,R,0,R,0,R,1,R,1,R,0,R,0,R,0,R,0
181,100663,40.0801,1,17,R,7,R,6,R,1,R,0,R,0,R,0,R,0,R,0,R,0,R,0,R,0,R,0,R,0,R,0,R,0,R,0,R,0,R,0,R,3,R,3,R,0,R,0,R,0,R,0,R,0,R,0,R,0,R,4,R,3,R,1
182,100663,40.1001,1,17,R,1,R,1,R,0,R,0,R,0,R,0,R,0,R,0,R,0,R,0,R,0,R,0,R,0,R,0,R,0,R,0,R,0,R,0,R,1,R,1,R,0,R,0,R,0,R,0,R,0,R,0,R,0,R,0,R,0,R,0
183,100663,41.0,1,2,R,1,R,1,R,0,R,0,R,0,R,0,R,1,R,1,R,0,R,0,R,0,R,0,R,0,R,0,R,0,R,0,R,0,R,0,R,0,R,0,R,0,R,0,R,0,R,0,R,0,R,0,R,0,R,0,R,0,R,0
184,100663,42.0101,1,5,R,227,R,37,R,190,R,0,R,0,R,0,R,8,R,1,R,7,R,60,R,14,R,46,R,9,R,2,R,7,R,0,R,0,R,0,R,130,R,15,R,115,R,13,R,2,R,11,R,1,R,1,R,0,R,6,R,2,R,4
185,100663,42.0101,1,7,R,10,R,4,R,6,R,0,R,0,R,0,R,0,R,0,R,0,R,2,R,0,R,2,R,0,R,0,R,0,R,0,R,0,R,0,R,6,R,2,R,4,R,0,R,0,R,0,R,1,R,1,R,0,R,1,R,1,R,0
186,100663,42.0101,1,17,R,15,R,5,R,10,R,0,R,0,R,0,R,1,R,0,R,1,R,3,R,1,R,2,R,0,R,0,R,0,R,0,R,0,R,0,R,9,R,4,R,5,R,0,R,0,R,0,R,1,R,0,R,1,R,1,R,0,R,1
187,100663,42.0101,2,5,R,3,R,0,R,3,R,0,R,0,R,0,R,1,R,0,R,1,R,0,R,0,R,0,R,0,R,0,R,0,R,0,R,0,R,0,R,2,R,0,R,2,R,0,R,0,R,0,R,0,R,0,R,0,R,0,R,0,R,0
188,100663,43.0199,1,5,R,82,R,26,R,56,R,0,R,0,R,0,R,0,R,0,R,0,R,28,R,9,R,19,R,5,R,0,R,5,R,0,R,0,R,0,R,44,R,14,R,30,R,5,R,3,R,2,R,0,R,0,R,0,R,0,R,0,R,0
189,100663,43.0199,1,7,R,13,R,6,R,7,R,0,R,0,R,0,R,0,R,0,R,0,R,5,R,3,R,2,R,0,R,0,R,0,R,0,R,0,R,0,R,7,R,3,R,4,R,1,R,0,R,1,R,0,R,0,R,0,R,0,R,0,R,0
190,100663,43.0199,2,5,R,1,R,0,R,1,R,0,R,0,R,0,R,0,R,0,R,0,R,0,R,0,R,0,R,0,R,0,R,0,R,0,R,0,R,0,R,1,R,0,R,1,R,0,R,0,R,0,R,0,R,0,R,0,R,0,R,0,R,0
191,100663,43.0403,1,5,R,19,R,13,R,6,R,0,R,0,R,0,R,3,R,2,R,1,R,1,R,0,R,1,R,1,R,1,R,0,R,0,R,0,R,0,R,11,R,8,R,3,R,2,R,1,R,1,R,0,R,0,R,0,R,1,R,1,R,0
192,100663,43.0406,1,7,R,10,R,2,R,8,R,0,R,0,R,0,R,0,R,0,R,0,R,4,R,1,R,3,R,0,R,0,R,0,R,0,R,0,R,0,R,6,R,1,R,5,R,0,R,0,R,0,R,0,R,0,R,0,R,0,R,0,R,0
193,100663,44.0401,1,6,R,11,R,4,R,7,R,0,R,0,R,0,R,0,R,0,R,0,R,4,R,1,R,3,R,0,R,0,R,0,R,0,R,0,R,0,R,6,R,2,R,4,R,1,R,1,R,0,R,0,R,0,R,0,R,0,R,0,R,0
194,100663,44.0401,1,7,R,24,R,8,R,16,R,0,R,0,R,0,R,0,R,0,R,0,R,7,R,1,R,6,R,0,R,0,R,0,R,0,R,0,R,0,R,13,R,5,R,8,R,0,R,0,R,0,R,2,R,2,R,0,R,2,R,0,R,2
195,100663,44.0701,1,5,R,50,R,4,R,46,R,0,R,0,R,0,R,0,R,0,R,0,R,17,R,0,R,17,R,7,R,1,R,6,R,0,R,0,R,0,R,25,R,3,R,22,R,1,R,0,R,1,R,0,R,0,R,0,R,0,R,0,R,0
196,100663,45.0102,1,6,R,4,R,0,R,4,R,0,R,0,R,0,R,0,R,0,R,0,R,1,R,0,R,1,R,0,R,0,R,0,R,0,R,0,R,0,R,3,R,0,R,3,R,0,R,0,R,0,R,0,R,0,R,0,R,0,R,0,R,0
197,100663,45.0201,1,5,R,18,R,5,R,13,R,0,R,0,R,0,R,2,R,1,R,1,R,1,R,0,R,1,R,0,R,0,R,0,R,0,R,0,R,0,R,11,R,3,R,8,R,3,R,1,R,2,R,0,R,0,R,0,R,1,R,0,R,1
198,100663,45.0201,2,5,R,1,R,0,R,1,R,0,R,0,R,0,R,0,R,0,R,0,R,0,R,0,R,0,R,0,R,0,R,0,R,0,R,0,R,0,R,1,R,0,R,1,R,0,R,0,R,0,R,0,R,0,R,0,R,0,R,0,R,0
199,100663,45.0299,1,7,R,8,R,3,R,5,R,1,R,0,R,1,R,0,R,0,R,0,R,0,R,0,R,0,R,1,R,0,R,1,R,0,R,0,R,0,R,5,R,3,R,2,R,0,R,0,R,0,R,1,R,0,R,1,R,0,R,0,R,0
