,UNITID,EFFYALEV,EFFYLEV,LSTUDY,XEYTOTLT,EFYTOTLT,XEYTOTLM,EFYTOTLM,XEYTOTLW,EFYTOTLW,XEFYAIAT,EFYAIANT,XEFYAIAM,EFYAIANM,XEFYAIAW,EFYAIANW,XEFYASIT,EFYASIAT,XEFYASIM,EFYASIAM,XEFYASIW,EFYASIAW,XEFYBKAT,EFYBKAAT,XEFYBKAM,EFYBKAAM,XEFYBKAW,EFYBKAAW,XEFYHIST,EFYHISPT,XEFYHISM,EFYHISPM,XEFYHISW,EFYHISPW,XEFYNHPT,EFYNHPIT,XEFYNHPM,EFYNHPIM,XEFYNHPW,EFYNHPIW,XEFYWHIT,EFYWHITT,XEFYWHIM,EFYWHITM,XEFYWHIW,EFYWHITW,XEFY2MOT,EFY2MORT,XEFY2MOM,EFY2MORM,XEFY2MOW,EFY2MORW,XEYUNKNT,EFYUNKNT,XEYUNKNM,EFYUNKNM,XEYUNKNW,EFYUNKNW,XEYNRALT,EFYNRALT,XEYNRALM,EFYNRALM,XEYNRALW,EFYNRALW,XEFYGUUN,EFYGUUN,XEFYGUAN,EFYGUAN,XEFYGUTO,EFYGUTOT,XEFYGUKN,EFYGUKN 
0,100654,1,1,999,R,6681,R,2666,R,4015,R,19,R,9,R,10,R,17,R,6,R,11,R,5654,R,2254,R,3400,R,66,R,33,R,33,R,6,R,2,R,4,R,144,R,74,R,70,R,70,R,24,R,46,R,601,R,208,R,393,R,104,R,56,R,48,R,14.0,A,,R,14.0,R,6667.0
1,100654,2,2,1,R,5663,R,2337,R,3326,R,17,R,7,R,10,R,11,R,4,R,7,R,5047,R,2069,R,2978,R,63,R,32,R,31,R,6,R,2,R,4,R,120,R,65,R,55,R,68,R,24,R,44,R,278,R,105,R,173,R,53,R,29,R,24,R,8.0,A,,R,8.0,R,5655.0
2,100654,3,-2,1,R,5621,R,2323,R,3298,R,17,R,7,R,10,R,9,R,4,R,5,R,5024,R,2063,R,2961,R,61,R,32,R,29,R,6,R,2,R,4,R,111,R,60,R,51,R,68,R,24,R,44,R,272,R,102,R,170,R,53,R,29,R,24,A,,A,,A,,A,
3,100654,4,-2,1,R,1680,R,722,R,958,R,4,R,3,R,1,R,0,R,0,R,0,R,1481,R,635,R,846,R,14,R,8,R,6,R,3,R,1,R,2,R,21,R,12,R,9,R,23,R,7,R,16,R,122,R,48,R,74,R,12,R,8,R,4,A,,A,,A,,A,
4,100654,5,-2,1,R,3941,R,1601,R,2340,R,13,R,4,R,9,R,9,R,4,R,5,R,3543,R,1428,R,2115,R,47,R,24,R,23,R,3,R,1,R,2,R,90,R,48,R,42,R,45,R,17,R,28,R,150,R,54,R,96,R,41,R,21,R,20,A,,A,,A,,A,
5,100654,11,-2,1,R,42,R,14,R,28,R,0,R,0,R,0,R,2,R,0,R,2,R,23,R,6,R,17,R,2,R,0,R,2,R,0,R,0,R,0,R,9,R,5,R,4,R,0,R,0,R,0,R,6,R,3,R,3,R,0,R,0,R,0,A,,A,,A,,A,
6,100654,12,4,3,R,1018,R,329,R,689,R,2,R,2,R,0,R,6,R,2,R,4,R,607,R,185,R,422,R,3,R,1,R,2,R,0,R,0,R,0,R,24,R,9,R,15,R,2,R,0,R,2,R,323,R,103,R,220,R,51,R,27,R,24,R,6.0,A,,R,6.0,R,1012.0
7,100654,19,-2,1,R,361,R,177,R,184,R,3,R,0,R,3,R,3,R,1,R,2,R,296,R,144,R,152,R,6,R,3,R,3,R,1,R,1,R,0,R,35,R,18,R,17,R,6,R,4,R,2,R,1,R,1,R,0,R,10,R,5,R,5,A,,A,,A,,A,
8,100654,20,-2,1,R,3580,R,1424,R,2156,R,10,R,4,R,6,R,6,R,3,R,3,R,3247,R,1284,R,1963,R,41,R,21,R,20,R,2,R,0,R,2,R,55,R,30,R,25,R,39,R,13,R,26,R,149,R,53,R,96,R,31,R,16,R,15,A,,A,,A,,A,
9,100654,21,-2,999,R,5460,R,2169,R,3291,R,17,R,8,R,9,R,7,R,3,R,4,R,4684,R,1861,R,2823,R,55,R,28,R,27,R,6,R,2,R,4,R,104,R,52,R,52,R,61,R,19,R,42,R,431,R,147,R,284,R,95,R,49,R,46,A,,A,,A,,A,
10,100654,22,-2,1,R,4862,R,1988,R,2874,R,16,R,7,R,9,R,6,R,3,R,3,R,4347,R,1765,R,2582,R,54,R,28,R,26,R,6,R,2,R,4,R,92,R,49,R,43,R,60,R,19,R,41,R,230,R,87,R,143,R,51,R,28,R,23,A,,A,,A,,A,
11,100654,23,-2,1,R,4862,R,1988,R,2874,R,16,R,7,R,9,R,6,R,3,R,3,R,4347,R,1765,R,2582,R,54,R,28,R,26,R,6,R,2,R,4,R,92,R,49,R,43,R,60,R,19,R,41,R,230,R,87,R,143,R,51,R,28,R,23,A,,A,,A,,A,
12,100654,24,-2,1,R,1551,R,669,R,882,R,4,R,3,R,1,R,0,R,0,R,0,R,1375,R,592,R,783,R,11,R,7,R,4,R,3,R,1,R,2,R,17,R,10,R,7,R,21,R,6,R,15,R,109,R,42,R,67,R,11,R,8,R,3,A,,A,,A,,A,
13,100654,25,-2,1,R,3311,R,1319,R,1992,R,12,R,4,R,8,R,6,R,3,R,3,R,2972,R,1173,R,1799,R,43,R,21,R,22,R,3,R,1,R,2,R,75,R,39,R,36,R,39,R,13,R,26,R,121,R,45,R,76,R,40,R,20,R,20,A,,A,,A,,A,
14,100654,32,-2,3,R,598,R,181,R,417,R,1,R,1,R,0,R,1,R,0,R,1,R,337,R,96,R,241,R,1,R,0,R,1,R,0,R,0,R,0,R,12,R,3,R,9,R,1,R,0,R,1,R,201,R,60,R,141,R,44,R,21,R,23,A,,A,,A,,A,
15,100654,39,-2,1,R,300,R,151,R,149,R,3,R,0,R,3,R,2,R,1,R,1,R,247,R,126,R,121,R,5,R,2,R,3,R,1,R,1,R,0,R,28,R,13,R,15,R,4,R,3,R,1,R,1,R,1,R,0,R,9,R,4,R,5,A,,A,,A,,A,
16,100654,40,-2,1,R,3011,R,1168,R,1843,R,9,R,4,R,5,R,4,R,2,R,2,R,2725,R,1047,R,1678,R,38,R,19,R,19,R,2,R,0,R,2,R,47,R,26,R,21,R,35,R,10,R,25,R,120,R,44,R,76,R,31,R,16,R,15,A,,A,,A,,A,
17,100654,41,-2,999,R,1221,R,497,R,724,R,2,R,1,R,1,R,10,R,3,R,7,R,970,R,393,R,577,R,11,R,5,R,6,R,0,R,0,R,0,R,40,R,22,R,18,R,9,R,5,R,4,R,170,R,61,R,109,R,9,R,7,R,2,A,,A,,A,,A,
18,100654,42,-2,1,R,801,R,349,R,452,R,1,R,0,R,1,R,5,R,1,R,4,R,700,R,304,R,396,R,9,R,4,R,5,R,0,R,0,R,0,R,28,R,16,R,12,R,8,R,5,R,3,R,48,R,18,R,30,R,2,R,1,R,1,A,,A,,A,,A,
19,100654,43,-2,1,R,759,R,335,R,424,R,1,R,0,R,1,R,3,R,1,R,2,R,677,R,298,R,379,R,7,R,4,R,3,R,0,R,0,R,0,R,19,R,11,R,8,R,8,R,5,R,3,R,42,R,15,R,27,R,2,R,1,R,1,A,,A,,A,,A,
20,100654,44,-2,1,R,129,R,53,R,76,R,0,R,0,R,0,R,0,R,0,R,0,R,106,R,43,R,63,R,3,R,1,R,2,R,0,R,0,R,0,R,4,R,2,R,2,R,2,R,1,R,1,R,13,R,6,R,7,R,1,R,0,R,1,A,,A,,A,,A,
21,100654,45,-2,1,R,630,R,282,R,348,R,1,R,0,R,1,R,3,R,1,R,2,R,571,R,255,R,316,R,4,R,3,R,1,R,0,R,0,R,0,R,15,R,9,R,6,R,6,R,4,R,2,R,29,R,9,R,20,R,1,R,1,R,0,A,,A,,A,,A,
22,100654,51,-2,1,R,42,R,14,R,28,R,0,R,0,R,0,R,2,R,0,R,2,R,23,R,6,R,17,R,2,R,0,R,2,R,0,R,0,R,0,R,9,R,5,R,4,R,0,R,0,R,0,R,6,R,3,R,3,R,0,R,0,R,0,A,,A,,A,,A,
23,100654,52,-2,3,R,420,R,148,R,272,R,1,R,1,R,0,R,5,R,2,R,3,R,270,R,89,R,181,R,2,R,1,R,1,R,0,R,0,R,0,R,12,R,6,R,6,R,1,R,0,R,1,R,122,R,43,R,79,R,7,R,6,R,1,A,,A,,A,,A,
24,100654,59,-2,1,R,61,R,26,R,35,R,0,R,0,R,0,R,1,R,0,R,1,R,49,R,18,R,31,R,1,R,1,R,0,R,0,R,0,R,0,R,7,R,5,R,2,R,2,R,1,R,1,R,0,R,0,R,0,R,1,R,1,R,0,A,,A,,A,,A,
25,100654,60,-2,1,R,569,R,256,R,313,R,1,R,0,R,1,R,2,R,1,R,1,R,522,R,237,R,285,R,3,R,2,R,1,R,0,R,0,R,0,R,8,R,4,R,4,R,4,R,3,R,1,R,29,R,9,R,20,R,0,R,0,R,0,A,,A,,A,,A,
26,100663,1,1,999,R,25963,R,9443,R,16520,R,57,R,18,R,39,R,1668,R,671,R,997,R,5534,R,1579,R,3955,R,1233,R,464,R,769,R,8,R,4,R,4,R,13906,R,5135,R,8771,R,932,R,327,R,605,R,1163,R,400,R,763,R,1462,R,845,R,617,R,0.0,A,,R,0.0,R,25963.0
27,100663,2,2,1,R,15360,R,5819,R,9541,R,30,R,11,R,19,R,1093,R,467,R,626,R,3875,R,1195,R,2680,R,1027,R,394,R,633,R,6,R,3,R,3,R,8084,R,3232,R,4852,R,734,R,253,R,481,R,96,R,42,R,54,R,415,R,222,R,193,R,0.0,A,,R,0.0,R,15360.0
28,100663,3,-2,1,R,14780,R,5610,R,9170,R,30,R,11,R,19,R,1063,R,454,R,609,R,3741,R,1166,R,2575,R,996,R,384,R,612,R,6,R,3,R,3,R,7789,R,3120,R,4669,R,718,R,247,R,471,R,93,R,41,R,52,R,344,R,184,R,160,A,,A,,A,,A,
29,100663,4,-2,1,R,2494,R,869,R,1625,R,6,R,6,R,0,R,268,R,110,R,158,R,664,R,182,R,482,R,198,R,80,R,118,R,0,R,0,R,0,R,1177,R,433,R,744,R,123,R,35,R,88,R,25,R,6,R,19,R,33,R,17,R,16,A,,A,,A,,A,
30,100663,5,-2,1,R,12286,R,4741,R,7545,R,24,R,5,R,19,R,795,R,344,R,451,R,3077,R,984,R,2093,R,798,R,304,R,494,R,6,R,3,R,3,R,6612,R,2687,R,3925,R,595,R,212,R,383,R,68,R,35,R,33,R,311,R,167,R,144,A,,A,,A,,A,
31,100663,11,-2,1,R,580,R,209,R,371,R,0,R,0,R,0,R,30,R,13,R,17,R,134,R,29,R,105,R,31,R,10,R,21,R,0,R,0,R,0,R,295,R,112,R,183,R,16,R,6,R,10,R,3,R,1,R,2,R,71,R,38,R,33,A,,A,,A,,A,
32,100663,12,4,3,R,10603,R,3624,R,6979,R,27,R,7,R,20,R,575,R,204,R,371,R,1659,R,384,R,1275,R,206,R,70,R,136,R,2,R,1,R,1,R,5822,R,1903,R,3919,R,198,R,74,R,124,R,1067,R,358,R,709,R,1047,R,623,R,424,R,0.0,A,,R,0.0,R,10603.0
33,100663,19,-2,1,R,1726,R,667,R,1059,R,3,R,0,R,3,R,40,R,16,R,24,R,484,R,158,R,326,R,125,R,45,R,80,R,0,R,0,R,0,R,945,R,392,R,553,R,85,R,37,R,48,R,5,R,2,R,3,R,39,R,17,R,22,A,,A,,A,,A,
34,100663,20,-2,1,R,10560,R,4074,R,6486,R,21,R,5,R,16,R,755,R,328,R,427,R,2593,R,826,R,1767,R,673,R,259,R,414,R,6,R,3,R,3,R,5667,R,2295,R,3372,R,510,R,175,R,335,R,63,R,33,R,30,R,272,R,150,R,122,A,,A,,A,,A,
35,100663,21,-2,999,R,16451,R,6215,R,10236,R,32,R,11,R,21,R,1317,R,529,R,788,R,3375,R,1035,R,2340,R,901,R,345,R,556,R,4,R,2,R,2,R,8492,R,3207,R,5285,R,690,R,248,R,442,R,419,R,131,R,288,R,1221,R,707,R,514,A,,A,,A,,A,
36,100663,22,-2,1,R,11061,R,4203,R,6858,R,20,R,9,R,11,R,937,R,389,R,548,R,2695,R,871,R,1824,R,765,R,296,R,469,R,3,R,2,R,1,R,5653,R,2223,R,3430,R,567,R,197,R,370,R,78,R,33,R,45,R,343,R,183,R,160,A,,A,,A,,A,
37,100663,23,-2,1,R,11002,R,4176,R,6826,R,20,R,9,R,11,R,936,R,388,R,548,R,2692,R,869,R,1823,R,763,R,295,R,468,R,3,R,2,R,1,R,5645,R,2220,R,3425,R,567,R,197,R,370,R,77,R,32,R,45,R,299,R,164,R,135,A,,A,,A,,A,
38,100663,24,-2,1,R,2422,R,841,R,1581,R,5,R,5,R,0,R,265,R,109,R,156,R,641,R,177,R,464,R,195,R,78,R,117,R,0,R,0,R,0,R,1138,R,415,R,723,R,122,R,35,R,87,R,25,R,6,R,19,R,31,R,16,R,15,A,,A,,A,,A,
39,100663,25,-2,1,R,8580,R,3335,R,5245,R,15,R,4,R,11,R,671,R,279,R,392,R,2051,R,692,R,1359,R,568,R,217,R,351,R,3,R,2,R,1,R,4507,R,1805,R,2702,R,445,R,162,R,283,R,52,R,26,R,26,R,268,R,148,R,120,A,,A,,A,,A,
40,100663,31,-2,1,R,59,R,27,R,32,R,0,R,0,R,0,R,1,R,1,R,0,R,3,R,2,R,1,R,2,R,1,R,1,R,0,R,0,R,0,R,8,R,3,R,5,R,0,R,0,R,0,R,1,R,1,R,0,R,44,R,19,R,25,A,,A,,A,,A,
41,100663,32,-2,3,R,5390,R,2012,R,3378,R,12,R,2,R,10,R,380,R,140,R,240,R,680,R,164,R,516,R,136,R,49,R,87,R,1,R,0,R,1,R,2839,R,984,R,1855,R,123,R,51,R,72,R,341,R,98,R,243,R,878,R,524,R,354,A,,A,,A,,A,
42,100663,39,-2,1,R,1118,R,451,R,667,R,2,R,0,R,2,R,31,R,14,R,17,R,338,R,114,R,224,R,85,R,29,R,56,R,0,R,0,R,0,R,560,R,249,R,311,R,70,R,31,R,39,R,4,R,1,R,3,R,28,R,13,R,15,A,,A,,A,,A,
43,100663,40,-2,1,R,7462,R,2884,R,4578,R,13,R,4,R,9,R,640,R,265,R,375,R,1713,R,578,R,1135,R,483,R,188,R,295,R,3,R,2,R,1,R,3947,R,1556,R,2391,R,375,R,131,R,244,R,48,R,25,R,23,R,240,R,135,R,105,A,,A,,A,,A,
44,100663,41,-2,999,R,9512,R,3228,R,6284,R,25,R,7,R,18,R,351,R,142,R,209,R,2159,R,544,R,1615,R,332,R,119,R,213,R,4,R,2,R,2,R,5414,R,1928,R,3486,R,242,R,79,R,163,R,744,R,269,R,475,R,241,R,138,R,103,A,,A,,A,,A,
45,100663,42,-2,1,R,4299,R,1616,R,2683,R,10,R,2,R,8,R,156,R,78,R,78,R,1180,R,324,R,856,R,262,R,98,R,164,R,3,R,1,R,2,R,2431,R,1009,R,1422,R,167,R,56,R,111,R,18,R,9,R,9,R,72,R,39,R,33,A,,A,,A,,A,
46,100663,43,-2,1,R,3778,R,1434,R,2344,R,10,R,2,R,8,R,127,R,66,R,61,R,1049,R,297,R,752,R,233,R,89,R,144,R,3,R,1,R,2,R,2144,R,900,R,1244,R,151,R,50,R,101,R,16,R,9,R,7,R,45,R,20,R,25,A,,A,,A,,A,
47,100663,44,-2,1,R,72,R,28,R,44,R,1,R,1,R,0,R,3,R,1,R,2,R,23,R,5,R,18,R,3,R,2,R,1,R,0,R,0,R,0,R,39,R,18,R,21,R,1,R,0,R,1,R,0,R,0,R,0,R,2,R,1,R,1,A,,A,,A,,A,
48,100663,45,-2,1,R,3706,R,1406,R,2300,R,9,R,1,R,8,R,124,R,65,R,59,R,1026,R,292,R,734,R,230,R,87,R,143,R,3,R,1,R,2,R,2105,R,882,R,1223,R,150,R,50,R,100,R,16,R,9,R,7,R,43,R,19,R,24,A,,A,,A,,A,
49,100663,51,-2,1,R,521,R,182,R,339,R,0,R,0,R,0,R,29,R,12,R,17,R,131,R,27,R,104,R,29,R,9,R,20,R,0,R,0,R,0,R,287,R,109,R,178,R,16,R,6,R,10,R,2,R,0,R,2,R,27,R,19,R,8,A,,A,,A,,A,
50,100663,52,-2,3,R,5213,R,1612,R,3601,R,15,R,5,R,10,R,195,R,64,R,131,R,979,R,220,R,759,R,70,R,21,R,49,R,1,R,1,R,0,R,2983,R,919,R,2064,R,75,R,23,R,52,R,726,R,260,R,466,R,169,R,99,R,70,A,,A,,A,,A,
51,100663,59,-2,1,R,608,R,216,R,392,R,1,R,0,R,1,R,9,R,2,R,7,R,146,R,44,R,102,R,40,R,16,R,24,R,0,R,0,R,0,R,385,R,143,R,242,R,15,R,6,R,9,R,1,R,1,R,0,R,11,R,4,R,7,A,,A,,A,,A,
52,100663,60,-2,1,R,3098,R,1190,R,1908,R,8,R,1,R,7,R,115,R,63,R,52,R,880,R,248,R,632,R,190,R,71,R,119,R,3,R,1,R,2,R,1720,R,739,R,981,R,135,R,44,R,91,R,15,R,8,R,7,R,32,R,15,R,17,A,,A,,A,,A,
53,100690,1,1,999,R,916,R,384,R,532,R,7,R,3,R,4,R,12,R,7,R,5,R,524,R,136,R,388,R,30,R,20,R,10,R,2,R,1,R,1,R,326,R,211,R,115,Z,0,Z,0,Z,0,R,15,R,6,R,9,Z,0,Z,0,Z,0,R,0.0,A,,R,0.0,R,916.0
54,100690,2,2,1,R,351,R,115,R,236,R,1,Z,0,R,1,R,2,Z,0,R,2,R,238,R,56,R,182,R,12,R,8,R,4,R,1,Z,0,R,1,R,93,R,50,R,43,Z,0,Z,0,Z,0,R,4,R,1,R,3,Z,0,Z,0,Z,0,R,0.0,A,,R,0.0,R,351.0
55,100690,3,-2,1,R,351,R,115,R,236,R,1,Z,0,R,1,R,2,Z,0,R,2,R,238,R,56,R,182,R,12,R,8,R,4,R,1,Z,0,R,1,R,93,R,50,R,43,Z,0,Z,0,Z,0,R,4,R,1,R,3,Z,0,Z,0,Z,0,A,,A,,A,,A,
56,100690,5,-2,1,R,351,R,115,R,236,R,1,Z,0,R,1,R,2,Z,0,R,2,R,238,R,56,R,182,R,12,R,8,R,4,R,1,Z,0,R,1,R,93,R,50,R,43,Z,0,Z,0,Z,0,R,4,R,1,R,3,Z,0,Z,0,Z,0,A,,A,,A,,A,
57,100690,12,4,3,R,565,R,269,R,296,R,6,R,3,R,3,R,10,R,7,R,3,R,286,R,80,R,206,R,18,R,12,R,6,R,1,R,1,Z,0,R,233,R,161,R,72,Z,0,Z,0,Z,0,R,11,R,5,R,6,Z,0,Z,0,Z,0,R,0.0,A,,R,0.0,R,565.0
58,100690,19,-2,1,R,257,R,90,R,167,R,1,Z,0,R,1,R,2,Z,0,R,2,R,167,R,43,R,124,R,8,R,5,R,3,R,1,Z,0,R,1,R,74,R,41,R,33,Z,0,Z,0,Z,0,R,4,R,1,R,3,Z,0,Z,0,Z,0,A,,A,,A,,A,
59,100690,20,-2,1,R,94,R,25,R,69,Z,0,Z,0,Z,0,Z,0,Z,0,Z,0,R,71,R,13,R,58,R,4,R,3,R,1,Z,0,Z,0,Z,0,R,19,R,9,R,10,Z,0,Z,0,Z,0,Z,0,Z,0,Z,0,Z,0,Z,0,Z,0,A,,A,,A,,A,
60,100690,21,-2,999,R,422,R,181,R,241,R,3,R,1,R,2,R,5,R,3,R,2,R,232,R,59,R,173,R,16,R,10,R,6,R,1,Z,0,R,1,R,159,R,105,R,54,Z,0,Z,0,Z,0,R,6,R,3,R,3,Z,0,Z,0,Z,0,A,,A,,A,,A,
61,100690,22,-2,1,R,206,R,66,R,140,R,1,Z,0,R,1,R,1,Z,0,R,1,R,138,R,32,R,106,R,8,R,6,R,2,R,1,Z,0,R,1,R,55,R,27,R,28,Z,0,Z,0,Z,0,R,2,R,1,R,1,Z,0,Z,0,Z,0,A,,A,,A,,A,
62,100690,23,-2,1,R,206,R,66,R,140,R,1,Z,0,R,1,R,1,Z,0,R,1,R,138,R,32,R,106,R,8,R,6,R,2,R,1,Z,0,R,1,R,55,R,27,R,28,Z,0,Z,0,Z,0,R,2,R,1,R,1,Z,0,Z,0,Z,0,A,,A,,A,,A,
63,100690,25,-2,1,R,206,R,66,R,140,R,1,Z,0,R,1,R,1,Z,0,R,1,R,138,R,32,R,106,R,8,R,6,R,2,R,1,Z,0,R,1,R,55,R,27,R,28,Z,0,Z,0,Z,0,R,2,R,1,R,1,Z,0,Z,0,Z,0,A,,A,,A,,A,
64,100690,32,-2,3,R,216,R,115,R,101,R,2,R,1,R,1,R,4,R,3,R,1,R,94,R,27,R,67,R,8,R,4,R,4,Z,0,Z,0,Z,0,R,104,R,78,R,26,Z,0,Z,0,Z,0,R,4,R,2,R,2,Z,0,Z,0,Z,0,A,,A,,A,,A,
65,100690,39,-2,1,R,159,R,56,R,103,R,1,Z,0,R,1,R,1,Z,0,R,1,R,104,R,28,R,76,R,5,R,4,R,1,R,1,Z,0,R,1,R,45,R,23,R,22,Z,0,Z,0,Z,0,R,2,R,1,R,1,Z,0,Z,0,Z,0,A,,A,,A,,A,
66,100690,40,-2,1,R,47,R,10,R,37,Z,0,Z,0,Z,0,Z,0,Z,0,Z,0,R,34,R,4,R,30,R,3,R,2,R,1,Z,0,Z,0,Z,0,R,10,R,4,R,6,Z,0,Z,0,Z,0,Z,0,Z,0,Z,0,Z,0,Z,0,Z,0,A,,A,,A,,A,
67,100690,41,-2,999,R,494,R,203,R,291,R,4,R,2,R,2,R,7,R,4,R,3,R,292,R,77,R,215,R,14,R,10,R,4,R,1,R,1,Z,0,R,167,R,106,R,61,Z,0,Z,0,Z,0,R,9,R,3,R,6,Z,0,Z,0,Z,0,A,,A,,A,,A,
68,100690,42,-2,1,R,145,R,49,R,96,Z,0,Z,0,Z,0,R,1,Z,0,R,1,R,100,R,24,R,76,R,4,R,2,R,2,Z,0,Z,0,Z,0,R,38,R,23,R,15,Z,0,Z,0,Z,0,R,2,Z,0,R,2,Z,0,Z,0,Z,0,A,,A,,A,,A,
69,100690,43,-2,1,R,145,R,49,R,96,Z,0,Z,0,Z,0,R,1,Z,0,R,1,R,100,R,24,R,76,R,4,R,2,R,2,Z,0,Z,0,Z,0,R,38,R,23,R,15,Z,0,Z,0,Z,0,R,2,Z,0,R,2,Z,0,Z,0,Z,0,A,,A,,A,,A,
70,100690,45,-2,1,R,145,R,49,R,96,Z,0,Z,0,Z,0,R,1,Z,0,R,1,R,100,R,24,R,76,R,4,R,2,R,2,Z,0,Z,0,Z,0,R,38,R,23,R,15,Z,0,Z,0,Z,0,R,2,Z,0,R,2,Z,0,Z,0,Z,0,A,,A,,A,,A,
71,100690,52,-2,3,R,349,R,154,R,195,R,4,R,2,R,2,R,6,R,4,R,2,R,192,R,53,R,139,R,10,R,8,R,2,R,1,R,1,Z,0,R,129,R,83,R,46,Z,0,Z,0,Z,0,R,7,R,3,R,4,Z,0,Z,0,Z,0,A,,A,,A,,A,
72,100690,59,-2,1,R,98,R,34,R,64,Z,0,Z,0,Z,0,R,1,Z,0,R,1,R,63,R,15,R,48,R,3,R,1,R,2,Z,0,Z,0,Z,0,R,29,R,18,R,11,Z,0,Z,0,Z,0,R,2,Z,0,R,2,Z,0,Z,0,Z,0,A,,A,,A,,A,
73,100690,60,-2,1,R,47,R,15,R,32,Z,0,Z,0,Z,0,Z,0,Z,0,Z,0,R,37,R,9,R,28,R,1,R,1,Z,0,Z,0,Z,0,Z,0,R,9,R,5,R,4,Z,0,Z,0,Z,0,Z,0,Z,0,Z,0,Z,0,Z,0,Z,0,A,,A,,A,,A,
74,100706,1,1,999,R,11142,R,6261,R,4881,R,82,R,44,R,38,R,403,R,220,R,183,R,1074,R,419,R,655,R,607,R,357,R,250,R,17,R,12,R,5,R,7610,R,4447,R,3163,R,396,R,212,R,184,R,532,R,274,R,258,R,421,R,276,R,145,R,0.0,A,,R,0.0,R,11142.0
75,100706,2,2,1,R,8536,R,4982,R,3554,R,69,R,40,R,29,R,324,R,185,R,139,R,799,R,333,R,466,R,521,R,313,R,208,R,10,R,5,R,5,R,6006,R,3632,R,2374,R,370,R,200,R,170,R,250,R,145,R,105,R,187,R,129,R,58,R,0.0,A,,R,0.0,R,8536.0
76,100706,3,-2,1,R,8085,R,4756,R,3329,R,66,R,38,R,28,R,282,R,160,R,122,R,741,R,308,R,433,R,494,R,299,R,195,R,10,R,5,R,5,R,5799,R,3544,R,2255,R,355,R,192,R,163,R,205,R,127,R,78,R,133,R,83,R,50,A,,A,,A,,A,
77,100706,4,-2,1,R,1232,R,791,R,441,R,12,R,9,R,3,R,50,R,31,R,19,R,69,R,30,R,39,R,76,R,51,R,25,R,2,R,2,R,0,R,908,R,592,R,316,R,73,R,46,R,27,R,28,R,19,R,9,R,14,R,11,R,3,A,,A,,A,,A,
78,100706,5,-2,1,R,6853,R,3965,R,2888,R,54,R,29,R,25,R,232,R,129,R,103,R,672,R,278,R,394,R,418,R,248,R,170,R,8,R,3,R,5,R,4891,R,2952,R,1939,R,282,R,146,R,136,R,177,R,108,R,69,R,119,R,72,R,47,A,,A,,A,,A,
79,100706,11,-2,1,R,451,R,226,R,225,R,3,R,2,R,1,R,42,R,25,R,17,R,58,R,25,R,33,R,27,R,14,R,13,R,0,R,0,R,0,R,207,R,88,R,119,R,15,R,8,R,7,R,45,R,18,R,27,R,54,R,46,R,8,A,,A,,A,,A,
80,100706,12,4,3,R,2606,R,1279,R,1327,R,13,R,4,R,9,R,79,R,35,R,44,R,275,R,86,R,189,R,86,R,44,R,42,R,7,R,7,R,0,R,1604,R,815,R,789,R,26,R,12,R,14,R,282,R,129,R,153,R,234,R,147,R,87,R,0.0,A,,R,0.0,R,2606.0
81,100706,19,-2,1,R,875,R,415,R,460,R,12,R,4,R,8,R,23,R,12,R,11,R,118,R,32,R,86,R,61,R,31,R,30,R,0,R,0,R,0,R,583,R,300,R,283,R,37,R,14,R,23,R,28,R,15,R,13,R,13,R,7,R,6,A,,A,,A,,A,
82,100706,20,-2,1,R,5978,R,3550,R,2428,R,42,R,25,R,17,R,209,R,117,R,92,R,554,R,246,R,308,R,357,R,217,R,140,R,8,R,3,R,5,R,4308,R,2652,R,1656,R,245,R,132,R,113,R,149,R,93,R,56,R,106,R,65,R,41,A,,A,,A,,A,
83,100706,21,-2,999,R,7299,R,4279,R,3020,R,46,R,24,R,22,R,259,R,142,R,117,R,594,R,254,R,340,R,424,R,249,R,175,R,9,R,5,R,4,R,5109,R,3089,R,2020,R,301,R,171,R,130,R,240,R,146,R,94,R,317,R,199,R,118,A,,A,,A,,A,
84,100706,22,-2,1,R,6509,R,3865,R,2644,R,43,R,24,R,19,R,238,R,134,R,104,R,525,R,227,R,298,R,400,R,243,R,157,R,8,R,4,R,4,R,4700,R,2876,R,1824,R,295,R,168,R,127,R,177,R,113,R,64,R,123,R,76,R,47,A,,A,,A,,A,
85,100706,23,-2,1,R,6498,R,3861,R,2637,R,43,R,24,R,19,R,236,R,134,R,102,R,525,R,227,R,298,R,400,R,243,R,157,R,8,R,4,R,4,R,4694,R,2873,R,1821,R,295,R,168,R,127,R,177,R,113,R,64,R,120,R,75,R,45,A,,A,,A,,A,
86,100706,24,-2,1,R,1215,R,784,R,431,R,12,R,9,R,3,R,50,R,31,R,19,R,68,R,30,R,38,R,74,R,49,R,25,R,2,R,2,R,0,R,897,R,587,R,310,R,70,R,46,R,24,R,28,R,19,R,9,R,14,R,11,R,3,A,,A,,A,,A,
87,100706,25,-2,1,R,5283,R,3077,R,2206,R,31,R,15,R,16,R,186,R,103,R,83,R,457,R,197,R,260,R,326,R,194,R,132,R,6,R,2,R,4,R,3797,R,2286,R,1511,R,225,R,122,R,103,R,149,R,94,R,55,R,106,R,64,R,42,A,,A,,A,,A,
88,100706,31,-2,1,R,11,R,4,R,7,R,0,R,0,R,0,R,2,R,0,R,2,R,0,R,0,R,0,R,0,R,0,R,0,R,0,R,0,R,0,R,6,R,3,R,3,R,0,R,0,R,0,R,0,R,0,R,0,R,3,R,1,R,2,A,,A,,A,,A,
89,100706,32,-2,3,R,790,R,414,R,376,R,3,R,0,R,3,R,21,R,8,R,13,R,69,R,27,R,42,R,24,R,6,R,18,R,1,R,1,R,0,R,409,R,213,R,196,R,6,R,3,R,3,R,63,R,33,R,30,R,194,R,123,R,71,A,,A,,A,,A,
90,100706,39,-2,1,R,595,R,286,R,309,R,7,R,1,R,6,R,17,R,9,R,8,R,70,R,22,R,48,R,47,R,24,R,23,R,0,R,0,R,0,R,392,R,199,R,193,R,28,R,12,R,16,R,24,R,14,R,10,R,10,R,5,R,5,A,,A,,A,,A,
91,100706,40,-2,1,R,4688,R,2791,R,1897,R,24,R,14,R,10,R,169,R,94,R,75,R,387,R,175,R,212,R,279,R,170,R,109,R,6,R,2,R,4,R,3405,R,2087,R,1318,R,197,R,110,R,87,R,125,R,80,R,45,R,96,R,59,R,37,A,,A,,A,,A,
92,100706,41,-2,999,R,3843,R,1982,R,1861,R,36,R,20,R,16,R,144,R,78,R,66,R,480,R,165,R,315,R,183,R,108,R,75,R,8,R,7,R,1,R,2501,R,1358,R,1143,R,95,R,41,R,54,R,292,R,128,R,164,R,104,R,77,R,27,A,,A,,A,,A,
93,100706,42,-2,1,R,2027,R,1117,R,910,R,26,R,16,R,10,R,86,R,51,R,35,R,274,R,106,R,168,R,121,R,70,R,51,R,2,R,1,R,1,R,1306,R,756,R,550,R,75,R,32,R,43,R,73,R,32,R,41,R,64,R,53,R,11,A,,A,,A,,A,
94,100706,43,-2,1,R,1587,R,895,R,692,R,23,R,14,R,9,R,46,R,26,R,20,R,216,R,81,R,135,R,94,R,56,R,38,R,2,R,1,R,1,R,1105,R,671,R,434,R,60,R,24,R,36,R,28,R,14,R,14,R,13,R,8,R,5,A,,A,,A,,A,
95,100706,44,-2,1,R,17,R,7,R,10,R,0,R,0,R,0,R,0,R,0,R,0,R,1,R,0,R,1,R,2,R,2,R,0,R,0,R,0,R,0,R,11,R,5,R,6,R,3,R,0,R,3,R,0,R,0,R,0,R,0,R,0,R,0,A,,A,,A,,A,
96,100706,45,-2,1,R,1570,R,888,R,682,R,23,R,14,R,9,R,46,R,26,R,20,R,215,R,81,R,134,R,92,R,54,R,38,R,2,R,1,R,1,R,1094,R,666,R,428,R,57,R,24,R,33,R,28,R,14,R,14,R,13,R,8,R,5,A,,A,,A,,A,
97,100706,51,-2,1,R,440,R,222,R,218,R,3,R,2,R,1,R,40,R,25,R,15,R,58,R,25,R,33,R,27,R,14,R,13,R,0,R,0,R,0,R,201,R,85,R,116,R,15,R,8,R,7,R,45,R,18,R,27,R,51,R,45,R,6,A,,A,,A,,A,
98,100706,52,-2,3,R,1816,R,865,R,951,R,10,R,4,R,6,R,58,R,27,R,31,R,206,R,59,R,147,R,62,R,38,R,24,R,6,R,6,R,0,R,1195,R,602,R,593,R,20,R,9,R,11,R,219,R,96,R,123,R,40,R,24,R,16,A,,A,,A,,A,
99,100706,59,-2,1,R,280,R,129,R,151,R,5,R,3,R,2,R,6,R,3,R,3,R,48,R,10,R,38,R,14,R,7,R,7,R,0,R,0,R,0,R,191,R,101,R,90,R,9,R,2,R,7,R,4,R,1,R,3,R,3,R,2,R,1,A,,A,,A,,A,
100,100706,60,-2,1,R,1290,R,759,R,531,R,18,R,11,R,7,R,40,R,23,R,17,R,167,R,71,R,96,R,78,R,47,R,31,R,2,R,1,R,1,R,903,R,565,R,338,R,48,R,22,R,26,R,24,R,13,R,11,R,10,R,6,R,4,A,,A,,A,,A,
101,100724,1,1,999,R,4425,R,1580,R,2845,R,8,R,1,R,7,R,14,R,5,R,9,R,4000,R,1404,R,2596,R,49,R,25,R,24,R,5,R,4,R,1,R,178,R,63,R,115,R,54,R,16,R,38,R,49,R,20,R,29,R,68,R,42,R,26,R,0.0,A,,R,0.0,R,4425.0
102,100724,2,2,1,R,3899,R,1422,R,2477,R,6,R,1,R,5,R,8,R,2,R,6,R,3615,R,1296,R,2319,R,46,R,24,R,22,R,5,R,4,R,1,R,67,R,29,R,38,R,48,R,13,R,35,R,44,R,16,R,28,R,60,R,37,R,23,R,0.0,A,,R,0.0,R,3899.0
103,100724,3,-2,1,R,3898,R,1422,R,2476,R,6,R,1,R,5,R,8,R,2,R,6,R,3614,R,1296,R,2318,R,46,R,24,R,22,R,5,R,4,R,1,R,67,R,29,R,38,R,48,R,13,R,35,R,44,R,16,R,28,R,60,R,37,R,23,A,,A,,A,,A,
104,100724,4,-2,1,R,1060,R,400,R,660,R,2,R,0,R,2,R,5,R,1,R,4,R,1001,R,374,R,627,R,8,R,5,R,3,R,1,R,1,R,0,R,10,R,6,R,4,R,12,R,2,R,10,R,11,R,4,R,7,R,10,R,7,R,3,A,,A,,A,,A,
105,100724,5,-2,1,R,2838,R,1022,R,1816,R,4,R,1,R,3,R,3,R,1,R,2,R,2613,R,922,R,1691,R,38,R,19,R,19,R,4,R,3,R,1,R,57,R,23,R,34,R,36,R,11,R,25,R,33,R,12,R,21,R,50,R,30,R,20,A,,A,,A,,A,
106,100724,11,-2,1,R,1,R,0,R,1,R,0,R,0,R,0,R,0,R,0,R,0,R,1,R,0,R,1,R,0,R,0,R,0,R,0,R,0,R,0,R,0,R,0,R,0,R,0,R,0,R,0,R,0,R,0,R,0,R,0,R,0,R,0,A,,A,,A,,A,
107,100724,12,4,3,R,526,R,158,R,368,R,2,R,0,R,2,R,6,R,3,R,3,R,385,R,108,R,277,R,3,R,1,R,2,R,0,R,0,R,0,R,111,R,34,R,77,R,6,R,3,R,3,R,5,R,4,R,1,R,8,R,5,R,3,R,0.0,A,,R,0.0,R,526.0
108,100724,19,-2,1,R,186,R,84,R,102,R,0,R,0,R,0,R,1,R,1,R,0,R,162,R,74,R,88,R,2,R,1,R,1,R,0,R,0,R,0,R,10,R,3,R,7,R,1,R,0,R,1,R,1,R,0,R,1,R,9,R,5,R,4,A,,A,,A,,A,
109,100724,20,-2,1,R,2652,R,938,R,1714,R,4,R,1,R,3,R,2,R,0,R,2,R,2451,R,848,R,1603,R,36,R,18,R,18,R,4,R,3,R,1,R,47,R,20,R,27,R,35,R,11,R,24,R,32,R,12,R,20,R,41,R,25,R,16,A,,A,,A,,A,
110,100724,21,-2,999,R,3668,R,1282,R,2386,R,8,R,1,R,7,R,10,R,3,R,7,R,3296,R,1127,R,2169,R,41,R,21,R,20,R,4,R,4,R,0,R,161,R,56,R,105,R,49,R,16,R,33,R,37,R,16,R,21,R,62,R,38,R,24,A,,A,,A,,A,
111,100724,22,-2,1,R,3318,R,1180,R,2138,R,6,R,1,R,5,R,5,R,1,R,4,R,3075,R,1068,R,2007,R,38,R,20,R,18,R,4,R,4,R,0,R,53,R,23,R,30,R,43,R,13,R,30,R,35,R,14,R,21,R,59,R,36,R,23,A,,A,,A,,A,
112,100724,23,-2,1,R,3318,R,1180,R,2138,R,6,R,1,R,5,R,5,R,1,R,4,R,3075,R,1068,R,2007,R,38,R,20,R,18,R,4,R,4,R,0,R,53,R,23,R,30,R,43,R,13,R,30,R,35,R,14,R,21,R,59,R,36,R,23,A,,A,,A,,A,
113,100724,24,-2,1,R,922,R,322,R,600,R,2,R,0,R,2,R,4,R,0,R,4,R,872,R,303,R,569,R,6,R,3,R,3,R,1,R,1,R,0,R,7,R,4,R,3,R,12,R,2,R,10,R,9,R,3,R,6,R,9,R,6,R,3,A,,A,,A,,A,
114,100724,25,-2,1,R,2396,R,858,R,1538,R,4,R,1,R,3,R,1,R,1,R,0,R,2203,R,765,R,1438,R,32,R,17,R,15,R,3,R,3,R,0,R,46,R,19,R,27,R,31,R,11,R,20,R,26,R,11,R,15,R,50,R,30,R,20,A,,A,,A,,A,
115,100724,32,-2,3,R,350,R,102,R,248,R,2,R,0,R,2,R,5,R,2,R,3,R,221,R,59,R,162,R,3,R,1,R,2,R,0,R,0,R,0,R,108,R,33,R,75,R,6,R,3,R,3,R,2,R,2,R,0,R,3,R,2,R,1,A,,A,,A,,A,
116,100724,39,-2,1,R,166,R,73,R,93,R,0,R,0,R,0,R,1,R,1,R,0,R,143,R,63,R,80,R,2,R,1,R,1,R,0,R,0,R,0,R,9,R,3,R,6,R,1,R,0,R,1,R,1,R,0,R,1,R,9,R,5,R,4,A,,A,,A,,A,
117,100724,40,-2,1,R,2230,R,785,R,1445,R,4,R,1,R,3,R,0,R,0,R,0,R,2060,R,702,R,1358,R,30,R,16,R,14,R,3,R,3,R,0,R,37,R,16,R,21,R,30,R,11,R,19,R,25,R,11,R,14,R,41,R,25,R,16,A,,A,,A,,A,
118,100724,41,-2,999,R,757,R,298,R,459,R,0,R,0,R,0,R,4,R,2,R,2,R,704,R,277,R,427,R,8,R,4,R,4,R,1,R,0,R,1,R,17,R,7,R,10,R,5,R,0,R,5,R,12,R,4,R,8,R,6,R,4,R,2,A,,A,,A,,A,
119,100724,42,-2,1,R,581,R,242,R,339,R,0,R,0,R,0,R,3,R,1,R,2,R,540,R,228,R,312,R,8,R,4,R,4,R,1,R,0,R,1,R,14,R,6,R,8,R,5,R,0,R,5,R,9,R,2,R,7,R,1,R,1,R,0,A,,A,,A,,A,
120,100724,43,-2,1,R,580,R,242,R,338,R,0,R,0,R,0,R,3,R,1,R,2,R,539,R,228,R,311,R,8,R,4,R,4,R,1,R,0,R,1,R,14,R,6,R,8,R,5,R,0,R,5,R,9,R,2,R,7,R,1,R,1,R,0,A,,A,,A,,A,
121,100724,44,-2,1,R,138,R,78,R,60,R,0,R,0,R,0,R,1,R,1,R,0,R,129,R,71,R,58,R,2,R,2,R,0,R,0,R,0,R,0,R,3,R,2,R,1,R,0,R,0,R,0,R,2,R,1,R,1,R,1,R,1,R,0,A,,A,,A,,A,
122,100724,45,-2,1,R,442,R,164,R,278,R,0,R,0,R,0,R,2,R,0,R,2,R,410,R,157,R,253,R,6,R,2,R,4,R,1,R,0,R,1,R,11,R,4,R,7,R,5,R,0,R,5,R,7,R,1,R,6,R,0,R,0,R,0,A,,A,,A,,A,
123,100724,51,-2,1,R,1,R,0,R,1,R,0,R,0,R,0,R,0,R,0,R,0,R,1,R,0,R,1,R,0,R,0,R,0,R,0,R,0,R,0,R,0,R,0,R,0,R,0,R,0,R,0,R,0,R,0,R,0,R,0,R,0,R,0,A,,A,,A,,A,
124,100724,52,-2,3,R,176,R,56,R,120,R,0,R,0,R,0,R,1,R,1,R,0,R,164,R,49,R,115,R,0,R,0,R,0,R,0,R,0,R,0,R,3,R,1,R,2,R,0,R,0,R,0,R,3,R,2,R,1,R,5,R,3,R,2,A,,A,,A,,A,
125,100724,59,-2,1,R,20,R,11,R,9,R,0,R,0,R,0,R,0,R,0,R,0,R,19,R,11,R,8,R,0,R,0,R,0,R,0,R,0,R,0,R,1,R,0,R,1,R,0,R,0,R,0,R,0,R,0,R,0,R,0,R,0,R,0,A,,A,,A,,A,
126,100724,60,-2,1,R,422,R,153,R,269,R,0,R,0,R,0,R,2,R,0,R,2,R,391,R,146,R,245,R,6,R,2,R,4,R,1,R,0,R,1,R,10,R,4,R,6,R,5,R,0,R,5,R,7,R,1,R,6,R,0,R,0,R,0,A,,A,,A,,A,
127,100751,1,1,999,R,42327,R,17867,R,24460,R,155,R,55,R,100,R,658,R,299,R,359,R,4985,R,1663,R,3322,R,2254,R,867,R,1387,R,39,R,20,R,19,R,31055,R,13312,R,17743,R,1412,R,535,R,877,R,386,R,191,R,195,R,1383,R,925,R,458,R,0.0,A,,R,0.0,R,42327.0
128,100751,2,2,1,R,34616,R,15069,R,19547,R,132,R,50,R,82,R,494,R,235,R,259,R,3955,R,1435,R,2520,R,1888,R,737,R,1151,R,32,R,18,R,14,R,26075,R,11560,R,14515,R,1231,R,475,R,756,R,248,R,130,R,118,R,561,R,429,R,132,R,0.0,A,,R,0.0,R,34616.0
129,100751,3,-2,1,R,33078,R,14570,R,18508,R,126,R,49,R,77,R,457,R,225,R,232,R,3657,R,1358,R,2299,R,1825,R,713,R,1112,R,32,R,18,R,14,R,25125,R,11251,R,13874,R,1168,R,457,R,711,R,218,R,112,R,106,R,470,R,387,R,83,A,,A,,A,,A,
130,100751,4,-2,1,R,7702,R,3295,R,4407,R,28,R,13,R,15,R,107,R,57,R,50,R,828,R,317,R,511,R,466,R,180,R,286,R,8,R,4,R,4,R,5865,R,2533,R,3332,R,283,R,120,R,163,R,67,R,38,R,29,R,50,R,33,R,17,A,,A,,A,,A,
131,100751,5,-2,1,R,25376,R,11275,R,14101,R,98,R,36,R,62,R,350,R,168,R,182,R,2829,R,1041,R,1788,R,1359,R,533,R,826,R,24,R,14,R,10,R,19260,R,8718,R,10542,R,885,R,337,R,548,R,151,R,74,R,77,R,420,R,354,R,66,A,,A,,A,,A,
132,100751,11,-2,1,R,1538,R,499,R,1039,R,6,R,1,R,5,R,37,R,10,R,27,R,298,R,77,R,221,R,63,R,24,R,39,Z,0,Z,0,Z,0,R,950,R,309,R,641,R,63,R,18,R,45,R,30,R,18,R,12,R,91,R,42,R,49,A,,A,,A,,A,
133,100751,12,4,3,R,7711,R,2798,R,4913,R,23,R,5,R,18,R,164,R,64,R,100,R,1030,R,228,R,802,R,366,R,130,R,236,R,7,R,2,R,5,R,4980,R,1752,R,3228,R,181,R,60,R,121,R,138,R,61,R,77,R,822,R,496,R,326,R,0.0,A,,R,0.0,R,7711.0
134,100751,19,-2,1,R,1948,R,864,R,1084,R,17,R,6,R,11,R,27,R,13,R,14,R,295,R,113,R,182,R,153,R,72,R,81,R,6,R,2,R,4,R,1325,R,603,R,722,R,71,R,25,R,46,R,28,R,13,R,15,R,26,R,17,R,9,A,,A,,A,,A,
135,100751,20,-2,1,R,23428,R,10411,R,13017,R,81,R,30,R,51,R,323,R,155,R,168,R,2534,R,928,R,1606,R,1206,R,461,R,745,R,18,R,12,R,6,R,17935,R,8115,R,9820,R,814,R,312,R,502,R,123,R,61,R,62,R,394,R,337,R,57,A,,A,,A,,A,
136,100751,21,-2,999,R,33049,R,14491,R,18558,R,124,R,48,R,76,R,476,R,233,R,243,R,3464,R,1237,R,2227,R,1734,R,667,R,1067,R,29,R,14,R,15,R,24772,R,11010,R,13762,R,1150,R,446,R,704,R,222,R,113,R,109,R,1078,R,723,R,355,A,,A,,A,,A,
137,100751,22,-2,1,R,29005,R,12867,R,16138,R,112,R,45,R,67,R,399,R,205,R,194,R,2985,R,1127,R,1858,R,1567,R,605,R,962,R,26,R,14,R,12,R,22249,R,10029,R,12220,R,1055,R,415,R,640,R,160,R,84,R,76,R,452,R,343,R,109,A,,A,,A,,A,
138,100751,23,-2,1,R,28920,R,12825,R,16095,R,112,R,45,R,67,R,398,R,204,R,194,R,2979,R,1122,R,1857,R,1567,R,605,R,962,R,26,R,14,R,12,R,22238,R,10025,R,12213,R,1054,R,414,R,640,R,160,R,84,R,76,R,386,R,312,R,74,A,,A,,A,,A,
139,100751,24,-2,1,R,7639,R,3274,R,4365,R,28,R,13,R,15,R,106,R,57,R,49,R,813,R,310,R,503,R,463,R,179,R,284,R,8,R,4,R,4,R,5825,R,2521,R,3304,R,280,R,119,R,161,R,66,R,38,R,28,R,50,R,33,R,17,A,,A,,A,,A,
140,100751,25,-2,1,R,21281,R,9551,R,11730,R,84,R,32,R,52,R,292,R,147,R,145,R,2166,R,812,R,1354,R,1104,R,426,R,678,R,18,R,10,R,8,R,16413,R,7504,R,8909,R,774,R,295,R,479,R,94,R,46,R,48,R,336,R,279,R,57,A,,A,,A,,A,
141,100751,31,-2,1,R,85,R,42,R,43,Z,0,Z,0,Z,0,R,1,R,1,Z,0,R,6,R,5,R,1,Z,0,Z,0,Z,0,Z,0,Z,0,Z,0,R,11,R,4,R,7,R,1,R,1,Z,0,Z,0,Z,0,Z,0,R,66,R,31,R,35,A,,A,,A,,A,
142,100751,32,-2,3,R,4044,R,1624,R,2420,R,12,R,3,R,9,R,77,R,28,R,49,R,479,R,110,R,369,R,167,R,62,R,105,R,3,R,0,R,3,R,2523,R,981,R,1542,R,95,R,31,R,64,R,62,R,29,R,33,R,626,R,380,R,246,A,,A,,A,,A,
143,100751,39,-2,1,R,1269,R,612,R,657,R,13,R,4,R,9,R,19,R,11,R,8,R,195,R,79,R,116,R,96,R,46,R,50,R,5,R,1,R,4,R,861,R,429,R,432,R,50,R,19,R,31,R,9,R,7,R,2,R,21,R,16,R,5,A,,A,,A,,A,
144,100751,40,-2,1,R,20012,R,8939,R,11073,R,71,R,28,R,43,R,273,R,136,R,137,R,1971,R,733,R,1238,R,1008,R,380,R,628,R,13,R,9,R,4,R,15552,R,7075,R,8477,R,724,R,276,R,448,R,85,R,39,R,46,R,315,R,263,R,52,A,,A,,A,,A,
145,100751,41,-2,999,R,9278,R,3376,R,5902,R,31,R,7,R,24,R,182,R,66,R,116,R,1521,R,426,R,1095,R,520,R,200,R,320,R,10,R,6,R,4,R,6283,R,2302,R,3981,R,262,R,89,R,173,R,164,R,78,R,86,R,305,R,202,R,103,A,,A,,A,,A,
146,100751,42,-2,1,R,5611,R,2202,R,3409,R,20,R,5,R,15,R,95,R,30,R,65,R,970,R,308,R,662,R,321,R,132,R,189,R,6,R,4,R,2,R,3826,R,1531,R,2295,R,176,R,60,R,116,R,88,R,46,R,42,R,109,R,86,R,23,A,,A,,A,,A,
147,100751,43,-2,1,R,4158,R,1745,R,2413,R,14,R,4,R,10,R,59,R,21,R,38,R,678,R,236,R,442,R,258,R,108,R,150,R,6,R,4,R,2,R,2887,R,1226,R,1661,R,114,R,43,R,71,R,58,R,28,R,30,R,84,R,75,R,9,A,,A,,A,,A,
148,100751,44,-2,1,R,63,R,21,R,42,Z,0,Z,0,Z,0,R,1,Z,0,R,1,R,15,R,7,R,8,R,3,R,1,R,2,Z,0,Z,0,Z,0,R,40,R,12,R,28,R,3,R,1,R,2,R,1,Z,0,R,1,Z,0,Z,0,Z,0,A,,A,,A,,A,
149,100751,45,-2,1,R,4095,R,1724,R,2371,R,14,R,4,R,10,R,58,R,21,R,37,R,663,R,229,R,434,R,255,R,107,R,148,R,6,R,4,R,2,R,2847,R,1214,R,1633,R,111,R,42,R,69,R,57,R,28,R,29,R,84,R,75,R,9,A,,A,,A,,A,
150,100751,51,-2,1,R,1453,R,457,R,996,R,6,R,1,R,5,R,36,R,9,R,27,R,292,R,72,R,220,R,63,R,24,R,39,Z,0,Z,0,Z,0,R,939,R,305,R,634,R,62,R,17,R,45,R,30,R,18,R,12,R,25,R,11,R,14,A,,A,,A,,A,
151,100751,52,-2,3,R,3667,R,1174,R,2493,R,11,R,2,R,9,R,87,R,36,R,51,R,551,R,118,R,433,R,199,R,68,R,131,R,4,R,2,R,2,R,2457,R,771,R,1686,R,86,R,29,R,57,R,76,R,32,R,44,R,196,R,116,R,80,A,,A,,A,,A,
152,100751,59,-2,1,R,679,R,252,R,427,R,4,R,2,R,2,R,8,R,2,R,6,R,100,R,34,R,66,R,57,R,26,R,31,R,1,R,1,Z,0,R,464,R,174,R,290,R,21,R,6,R,15,R,19,R,6,R,13,R,5,R,1,R,4,A,,A,,A,,A,
153,100751,60,-2,1,R,3416,R,1472,R,1944,R,10,R,2,R,8,R,50,R,19,R,31,R,563,R,195,R,368,R,198,R,81,R,117,R,5,R,3,R,2,R,2383,R,1040,R,1343,R,90,R,36,R,54,R,38,R,22,R,16,R,79,R,74,R,5,A,,A,,A,,A,
154,100760,1,1,999,R,2218,R,878,R,1340,R,4,R,3,R,1,R,11,R,7,R,4,R,414,R,117,R,297,R,56,R,23,R,33,R,2,R,1,R,1,R,1619,R,682,R,937,R,71,R,22,R,49,R,32,R,20,R,12,R,9,R,3,R,6,R,0.0,A,,R,0.0,R,2218.0
155,100760,2,2,1,R,2218,R,878,R,1340,R,4,R,3,R,1,R,11,R,7,R,4,R,414,R,117,R,297,R,56,R,23,R,33,R,2,R,1,R,1,R,1619,R,682,R,937,R,71,R,22,R,49,R,32,R,20,R,12,R,9,R,3,R,6,R,0.0,A,,R,0.0,R,2218.0
156,100760,3,-2,1,R,1247,R,475,R,772,R,3,R,2,R,1,R,2,R,1,R,1,R,261,R,67,R,194,R,35,R,13,R,22,R,1,R,1,R,0,R,883,R,373,R,510,R,47,R,12,R,35,R,7,R,4,R,3,R,8,R,2,R,6,A,,A,,A,,A,
157,100760,4,-2,1,R,382,R,175,R,207,R,1,R,0,R,1,R,1,R,1,R,0,R,73,R,26,R,47,R,10,R,3,R,7,R,1,R,1,R,0,R,283,R,143,R,140,R,12,R,1,R,11,R,0,R,0,R,0,R,1,R,0,R,1,A,,A,,A,,A,
158,100760,5,-2,1,R,865,R,300,R,565,R,2,R,2,R,0,R,1,R,0,R,1,R,188,R,41,R,147,R,25,R,10,R,15,R,0,R,0,R,0,R,600,R,230,R,370,R,35,R,11,R,24,R,7,R,4,R,3,R,7,R,2,R,5,A,,A,,A,,A,
159,100760,11,-2,1,R,971,R,403,R,568,R,1,R,1,R,0,R,9,R,6,R,3,R,153,R,50,R,103,R,21,R,10,R,11,R,1,R,0,R,1,R,736,R,309,R,427,R,24,R,10,R,14,R,25,R,16,R,9,R,1,R,1,R,0,A,,A,,A,,A,
160,100760,19,-2,1,R,151,R,54,R,97,R,0,R,0,R,0,R,0,R,0,R,0,R,39,R,5,R,34,R,8,R,4,R,4,R,0,R,0,R,0,R,96,R,41,R,55,R,6,R,3,R,3,R,0,R,0,R,0,R,2,R,1,R,1,A,,A,,A,,A,
161,100760,20,-2,1,R,714,R,246,R,468,R,2,R,2,R,0,R,1,R,0,R,1,R,149,R,36,R,113,R,17,R,6,R,11,R,0,R,0,R,0,R,504,R,189,R,315,R,29,R,8,R,21,R,7,R,4,R,3,R,5,R,1,R,4,A,,A,,A,,A,
162,100760,21,-2,999,R,571,R,258,R,313,R,0,R,0,R,0,R,1,R,1,R,0,R,94,R,26,R,68,R,17,R,8,R,9,R,0,R,0,R,0,R,433,R,212,R,221,R,18,R,6,R,12,R,5,R,4,R,1,R,3,R,1,R,2,A,,A,,A,,A,
163,100760,22,-2,1,R,571,R,258,R,313,R,0,R,0,R,0,R,1,R,1,R,0,R,94,R,26,R,68,R,17,R,8,R,9,R,0,R,0,R,0,R,433,R,212,R,221,R,18,R,6,R,12,R,5,R,4,R,1,R,3,R,1,R,2,A,,A,,A,,A,
164,100760,23,-2,1,R,567,R,256,R,311,R,0,R,0,R,0,R,1,R,1,R,0,R,94,R,26,R,68,R,17,R,8,R,9,R,0,R,0,R,0,R,430,R,210,R,220,R,18,R,6,R,12,R,4,R,4,R,0,R,3,R,1,R,2,A,,A,,A,,A,
165,100760,24,-2,1,R,244,R,121,R,123,R,0,R,0,R,0,R,1,R,1,R,0,R,39,R,13,R,26,R,6,R,1,R,5,R,0,R,0,R,0,R,192,R,105,R,87,R,5,R,1,R,4,R,0,R,0,R,0,R,1,R,0,R,1,A,,A,,A,,A,
166,100760,25,-2,1,R,323,R,135,R,188,R,0,R,0,R,0,R,0,R,0,R,0,R,55,R,13,R,42,R,11,R,7,R,4,R,0,R,0,R,0,R,238,R,105,R,133,R,13,R,5,R,8,R,4,R,4,R,0,R,2,R,1,R,1,A,,A,,A,,A,
167,100760,31,-2,1,R,4,R,2,R,2,R,0,R,0,R,0,R,0,R,0,R,0,R,0,R,0,R,0,R,0,R,0,R,0,R,0,R,0,R,0,R,3,R,2,R,1,R,0,R,0,R,0,R,1,R,0,R,1,R,0,R,0,R,0,A,,A,,A,,A,
168,100760,39,-2,1,R,52,R,23,R,29,R,0,R,0,R,0,R,0,R,0,R,0,R,11,R,2,R,9,R,2,R,2,R,0,R,0,R,0,R,0,R,35,R,16,R,19,R,3,R,2,R,1,R,0,R,0,R,0,R,1,R,1,R,0,A,,A,,A,,A,
169,100760,40,-2,1,R,271,R,112,R,159,R,0,R,0,R,0,R,0,R,0,R,0,R,44,R,11,R,33,R,9,R,5,R,4,R,0,R,0,R,0,R,203,R,89,R,114,R,10,R,3,R,7,R,4,R,4,R,0,R,1,R,0,R,1,A,,A,,A,,A,
170,100760,41,-2,999,R,1647,R,620,R,1027,R,4,R,3,R,1,R,10,R,6,R,4,R,320,R,91,R,229,R,39,R,15,R,24,R,2,R,1,R,1,R,1186,R,470,R,716,R,53,R,16,R,37,R,27,R,16,R,11,R,6,R,2,R,4,A,,A,,A,,A,
171,100760,42,-2,1,R,1647,R,620,R,1027,R,4,R,3,R,1,R,10,R,6,R,4,R,320,R,91,R,229,R,39,R,15,R,24,R,2,R,1,R,1,R,1186,R,470,R,716,R,53,R,16,R,37,R,27,R,16,R,11,R,6,R,2,R,4,A,,A,,A,,A,
172,100760,43,-2,1,R,680,R,219,R,461,R,3,R,2,R,1,R,1,R,0,R,1,R,167,R,41,R,126,R,18,R,5,R,13,R,1,R,1,R,0,R,453,R,163,R,290,R,29,R,6,R,23,R,3,R,0,R,3,R,5,R,1,R,4,A,,A,,A,,A,
173,100760,44,-2,1,R,138,R,54,R,84,R,1,R,0,R,1,R,0,R,0,R,0,R,34,R,13,R,21,R,4,R,2,R,2,R,1,R,1,R,0,R,91,R,38,R,53,R,7,R,0,R,7,R,0,R,0,R,0,R,0,R,0,R,0,A,,A,,A,,A,
174,100760,45,-2,1,R,542,R,165,R,377,R,2,R,2,R,0,R,1,R,0,R,1,R,133,R,28,R,105,R,14,R,3,R,11,R,0,R,0,R,0,R,362,R,125,R,237,R,22,R,6,R,16,R,3,R,0,R,3,R,5,R,1,R,4,A,,A,,A,,A,
175,100760,51,-2,1,R,967,R,401,R,566,R,1,R,1,R,0,R,9,R,6,R,3,R,153,R,50,R,103,R,21,R,10,R,11,R,1,R,0,R,1,R,733,R,307,R,426,R,24,R,10,R,14,R,24,R,16,R,8,R,1,R,1,R,0,A,,A,,A,,A,
176,100760,59,-2,1,R,99,R,31,R,68,R,0,R,0,R,0,R,0,R,0,R,0,R,28,R,3,R,25,R,6,R,2,R,4,R,0,R,0,R,0,R,61,R,25,R,36,R,3,R,1,R,2,R,0,R,0,R,0,R,1,R,0,R,1,A,,A,,A,,A,
177,100760,60,-2,1,R,443,R,134,R,309,R,2,R,2,R,0,R,1,R,0,R,1,R,105,R,25,R,80,R,8,R,1,R,7,R,0,R,0,R,0,R,301,R,100,R,201,R,19,R,5,R,14,R,3,R,0,R,3,R,4,R,1,R,3,A,,A,,A,,A,
178,100812,1,1,999,R,3844,R,1225,R,2619,R,52,R,15,R,37,R,27,R,15,R,12,R,589,R,164,R,425,R,165,R,46,R,119,R,3,R,1,R,2,R,2803,R,895,R,1908,R,117,R,41,R,76,R,86,R,47,R,39,R,2,R,1,R,1,R,0.0,A,,R,0.0,R,3844.0
179,100812,2,2,1,R,3466,R,1075,R,2391,R,46,R,11,R,35,R,20,R,10,R,10,R,458,R,123,R,335,R,147,R,39,R,108,R,2,R,1,R,1,R,2601,R,807,R,1794,R,108,R,39,R,69,R,82,R,44,R,38,R,2,R,1,R,1,R,0.0,A,,R,0.0,R,3466.0
180,100812,3,-2,1,R,3288,R,981,R,2307,R,44,R,11,R,33,R,19,R,9,R,10,R,420,R,105,R,315,R,144,R,38,R,106,R,2,R,1,R,1,R,2494,R,753,R,1741,R,106,R,39,R,67,R,57,R,24,R,33,R,2,R,1,R,1,A,,A,,A,,A,
181,100812,5,-2,1,R,3288,R,981,R,2307,R,44,R,11,R,33,R,19,R,9,R,10,R,420,R,105,R,315,R,144,R,38,R,106,R,2,R,1,R,1,R,2494,R,753,R,1741,R,106,R,39,R,67,R,57,R,24,R,33,R,2,R,1,R,1,A,,A,,A,,A,
182,100812,11,-2,1,R,178,R,94,R,84,R,2,R,0,R,2,R,1,R,1,R,0,R,38,R,18,R,20,R,3,R,1,R,2,R,0,R,0,R,0,R,107,R,54,R,53,R,2,R,0,R,2,R,25,R,20,R,5,R,0,R,0,R,0,A,,A,,A,,A,
183,100812,12,4,3,R,378,R,150,R,228,R,6,R,4,R,2,R,7,R,5,R,2,R,131,R,41,R,90,R,18,R,7,R,11,R,1,R,0,R,1,R,202,R,88,R,114,R,9,R,2,R,7,R,4,R,3,R,1,R,0,R,0,R,0,R,0.0,A,,R,0.0,R,378.0
184,100812,19,-2,1,R,1203,R,360,R,843,R,14,R,3,R,11,R,12,R,7,R,5,R,142,R,36,R,106,R,56,R,14,R,42,R,1,R,1,R,0,R,927,R,276,R,651,R,43,R,18,R,25,R,8,R,5,R,3,R,0,R,0,R,0,A,,A,,A,,A,
185,100812,20,-2,1,R,2085,R,621,R,1464,R,30,R,8,R,22,R,7,R,2,R,5,R,278,R,69,R,209,R,88,R,24,R,64,R,1,R,0,R,1,R,1567,R,477,R,1090,R,63,R,21,R,42,R,49,R,19,R,30,R,2,R,1,R,1,A,,A,,A,,A,
186,100812,21,-2,999,R,1466,R,432,R,1034,R,20,R,4,R,16,R,8,R,6,R,2,R,157,R,44,R,113,R,61,R,14,R,47,R,2,R,1,R,1,R,1136,R,327,R,809,R,53,R,18,R,35,R,27,R,17,R,10,R,2,R,1,R,1,A,,A,,A,,A,
187,100812,22,-2,1,R,1425,R,418,R,1007,R,20,R,4,R,16,R,7,R,5,R,2,R,141,R,40,R,101,R,60,R,14,R,46,R,2,R,1,R,1,R,1117,R,320,R,797,R,51,R,18,R,33,R,25,R,15,R,10,R,2,R,1,R,1,A,,A,,A,,A,
188,100812,23,-2,1,R,1421,R,417,R,1004,R,20,R,4,R,16,R,7,R,5,R,2,R,139,R,39,R,100,R,60,R,14,R,46,R,2,R,1,R,1,R,1115,R,320,R,795,R,51,R,18,R,33,R,25,R,15,R,10,R,2,R,1,R,1,A,,A,,A,,A,
189,100812,25,-2,1,R,1421,R,417,R,1004,R,20,R,4,R,16,R,7,R,5,R,2,R,139,R,39,R,100,R,60,R,14,R,46,R,2,R,1,R,1,R,1115,R,320,R,795,R,51,R,18,R,33,R,25,R,15,R,10,R,2,R,1,R,1,A,,A,,A,,A,
190,100812,31,-2,1,R,4,R,1,R,3,R,0,R,0,R,0,R,0,R,0,R,0,R,2,R,1,R,1,R,0,R,0,R,0,R,0,R,0,R,0,R,2,R,0,R,2,R,0,R,0,R,0,R,0,R,0,R,0,R,0,R,0,R,0,A,,A,,A,,A,
191,100812,32,-2,3,R,41,R,14,R,27,R,0,R,0,R,0,R,1,R,1,R,0,R,16,R,4,R,12,R,1,R,0,R,1,R,0,R,0,R,0,R,19,R,7,R,12,R,2,R,0,R,2,R,2,R,2,R,0,R,0,R,0,R,0,A,,A,,A,,A,
192,100812,39,-2,1,R,689,R,198,R,491,R,10,R,1,R,9,R,6,R,4,R,2,R,57,R,15,R,42,R,32,R,6,R,26,R,1,R,1,R,0,R,553,R,157,R,396,R,25,R,10,R,15,R,5,R,4,R,1,R,0,R,0,R,0,A,,A,,A,,A,
193,100812,40,-2,1,R,732,R,219,R,513,R,10,R,3,R,7,R,1,R,1,R,0,R,82,R,24,R,58,R,28,R,8,R,20,R,1,R,0,R,1,R,562,R,163,R,399,R,26,R,8,R,18,R,20,R,11,R,9,R,2,R,1,R,1,A,,A,,A,,A,
194,100812,41,-2,999,R,2378,R,793,R,1585,R,32,R,11,R,21,R,19,R,9,R,10,R,432,R,120,R,312,R,104,R,32,R,72,R,1,R,0,R,1,R,1667,R,568,R,1099,R,64,R,23,R,41,R,59,R,30,R,29,R,0,R,0,R,0,A,,A,,A,,A,
195,100812,42,-2,1,R,2041,R,657,R,1384,R,26,R,7,R,19,R,13,R,5,R,8,R,317,R,83,R,234,R,87,R,25,R,62,R,0,R,0,R,0,R,1484,R,487,R,997,R,57,R,21,R,36,R,57,R,29,R,28,R,0,R,0,R,0,A,,A,,A,,A,
196,100812,43,-2,1,R,1867,R,564,R,1303,R,24,R,7,R,17,R,12,R,4,R,8,R,281,R,66,R,215,R,84,R,24,R,60,R,0,R,0,R,0,R,1379,R,433,R,946,R,55,R,21,R,34,R,32,R,9,R,23,R,0,R,0,R,0,A,,A,,A,,A,
197,100812,45,-2,1,R,1867,R,564,R,1303,R,24,R,7,R,17,R,12,R,4,R,8,R,281,R,66,R,215,R,84,R,24,R,60,R,0,R,0,R,0,R,1379,R,433,R,946,R,55,R,21,R,34,R,32,R,9,R,23,R,0,R,0,R,0,A,,A,,A,,A,
198,100812,51,-2,1,R,174,R,93,R,81,R,2,R,0,R,2,R,1,R,1,R,0,R,36,R,17,R,19,R,3,R,1,R,2,R,0,R,0,R,0,R,105,R,54,R,51,R,2,R,0,R,2,R,25,R,20,R,5,R,0,R,0,R,0,A,,A,,A,,A,
199,100812,52,-2,3,R,337,R,136,R,201,R,6,R,4,R,2,R,6,R,4,R,2,R,115,R,37,R,78,R,17,R,7,R,10,R,1,R,0,R,1,R,183,R,81,R,102,R,7,R,2,R,5,R,2,R,1,R,1,R,0,R,0,R,0,A,,A,,A,,A,
