,UNITID,PEO1ISTR,PEO2ISTR,PEO3ISTR,PEO4ISTR,PEO5ISTR,PEO6ISTR,PEO7ISTR,CNTLAFFI,PUBPRIME,PUBSECON,RELAFFIL,LEVEL1,LEVEL1A,LEVEL1B,LEVEL2,LEVEL3,LEVEL4,LEVEL5,LEVEL6,LEVEL7,LEVEL8,LEVEL12,LEVEL17,LEVEL18,LEVEL19,CALSYS,FT_UG,FT_FTUG,FTGDNIDP,PT_UG,PT_FTUG,PTGDNIDP,DOCPP,DOCPPSP,OPENADMP,NONCRDT1,NONCRDT2,NONCRDT3,NONCRDT4,NONCRDT5,NONCRDT6,NONCRDT7,NONCRDT8,NONCRDT9,VET1,VET2,VET3,VET4,VET5,VET9,CREDITS1,CREDITS2,CREDITS3,CREDITS4,SLO5,SLO51,SLO52,SLO521,SLO53,SLO6,SLO7,SLOA,SLO8,SLO81,SLO82,SLO83,SLOB,SLO9,YRSCOLL,STUSRV2,STUSRV3,STUSRV4,STUSRV8,STUSRV9,LIBRES1,LIBRES2,LIBRES3,LIBRES4,LIBRES5,LIBRES6,LIBRES9,TUITPL,TUITPL1,TUITPL2,TUITPL3,TUITPL4,PRMPGM,DSTNUGC,DSTNUGP,DSTNUGN,DSTNGC,DSTNGP,DSTNGN,DISTCRS,DISTPGS,DSTNCED1,DSTNCED2,DSTNCED3,DISTNCED,DISAB,XDISABPC,DISABPCT,ALLONCAM,TUITVARY,ROOM,XROOMCAP,ROOMCAP,BOARD,XMEALSWK,MEALSWK,XROOMAMT,ROOMAMT,XBORDAMT,BOARDAMT,XRMBDAMT,RMBRDAMT,XAPPFEEU,APPLFEEU,XAPPFEEG,APPLFEEG,ATHASSOC,ASSOC1,ASSOC2,ASSOC3,ASSOC4,ASSOC5,ASSOC6,SPORT1,CONFNO1,SPORT2,CONFNO2,SPORT3,CONFNO3,SPORT4,CONFNO4 
0,100654,0,1,0,0,0,0,0,1,2,0,-2,0,0,0,0,0,0,1,0,1,1,0,1,0,0,1,1,1,1,1,1,1,-2,-2,2,0,0,1,0,0,0,0,0,0,1,1,1,1,1,0,1,0,1,0,1,1,0,0,0,1,1,1,1,1,0,1,0,0,-2,1,1,1,1,0,1,1,1,1,1,1,0,1,0,0,1,0,2,1,1,0,1,1,0,1,1,1,1,0,2,1,A,. ,2,1,1,R,2776,1,R,21,R,3790,R,4080,A,.,R,30,R,45,1,1,0,0,0,0,0,1,133,1,133,1,133,1,133
1,100663,0,1,1,0,0,0,0,1,2,0,-2,1,0,1,1,0,0,1,1,1,1,0,1,1,0,1,1,1,1,1,1,1,1,1,2,0,0,1,0,0,0,1,1,0,1,1,1,1,1,0,1,1,1,0,1,1,0,0,1,1,0,1,1,1,0,1,0,0,-2,1,1,1,0,0,1,1,1,1,1,1,0,1,0,0,1,0,1,1,1,0,1,1,0,1,1,1,1,0,2,2,R,5.12 ,2,1,1,R,3480,2,A,.,R,8550,R,5780,A,.,R,40,R,50,1,1,0,0,0,0,0,1,111,1,111,1,111,1,111
2,100690,0,1,0,0,0,0,0,4,-2,-2,74,0,0,0,0,1,0,1,0,1,0,0,1,0,0,1,1,2,1,1,1,1,-2,-2,1,0,0,0,0,0,0,0,0,1,1,1,1,0,1,0,1,1,1,0,0,0,0,0,0,0,0,0,0,0,0,0,0,1,-2,1,1,0,0,0,1,1,1,1,1,1,0,1,1,0,0,0,2,1,1,0,1,1,0,1,1,1,1,0,1,1,A,. ,-2,2,2,A,.,3,A,.,A,.,A,.,A,.,R,50,R,50,2,0,0,0,0,0,0,2,-2,2,-2,2,-2,2,-2
3,100706,0,1,1,1,0,0,0,1,2,0,-2,1,0,1,0,0,0,1,1,1,1,0,1,1,0,1,1,1,1,1,1,1,1,2,2,1,1,0,1,0,0,0,1,0,1,1,1,1,1,0,1,0,1,0,1,1,0,0,0,1,1,0,1,1,0,1,0,0,-2,1,1,1,1,0,1,1,1,1,1,1,0,1,0,1,1,0,2,1,1,0,1,1,0,1,1,1,1,0,2,2,R,3.92 ,2,1,1,R,2148,1,R,21,A,.,A,.,R,11122,R,30,R,60,1,1,0,0,0,0,0,2,-2,1,146,1,146,1,146
4,100724,1,1,0,0,0,1,1,1,2,0,-2,0,0,0,0,0,0,1,1,1,1,0,1,1,0,1,1,1,1,1,1,1,1,2,2,0,0,0,0,0,0,0,0,1,0,1,1,1,0,0,1,0,1,0,1,0,0,0,1,1,0,0,1,0,0,1,0,0,1,1,1,1,0,0,1,1,1,1,1,1,0,1,0,0,1,0,1,1,0,0,1,1,0,1,1,1,1,0,2,1,A,. ,2,1,1,R,2079,1,R,19,R,3500,R,2550,A,.,R,25,R,25,1,1,0,0,0,0,0,1,133,1,133,1,133,1,133
5,100733,1,1,1,1,0,0,0,1,2,0,-2,1,0,1,1,0,0,1,1,1,1,0,1,1,1,-2,-2,-2,-2,-2,-2,-2,-2,-2,-2,-2,-2,-2,-2,-2,-2,-2,-2,-2,-2,-2,-2,-2,-2,-2,-2,-2,-2,-2,-2,-2,-2,-2,-2,-2,-2,-2,-2,-2,-2,-2,-2,-2,-2,-2,-2,-2,-2,-2,-2,-2,-2,-2,-2,-2,-2,-2,-2,-2,-2,-2,-2,-2,-2,-2,-2,-2,-2,-2,-2,-2,-2,-2,-2,-2,A,. ,-2,-2,-2,A,.,-2,A,.,A,.,A,.,A,.,A,.,A,.,-2,-2,-2,-2,-2,-2,-2,-2,-2,-2,-2,-2,-2,-2,-2
6,100751,1,1,1,0,0,0,0,1,2,0,-2,0,0,0,0,0,1,1,1,1,1,0,1,1,0,1,1,1,1,1,1,1,1,1,2,0,1,1,1,0,0,1,1,0,1,1,1,1,1,0,1,1,1,0,1,1,0,0,1,1,1,1,1,1,1,1,1,0,-2,1,1,1,1,0,1,1,1,1,1,1,0,1,0,0,1,0,1,1,1,0,1,1,0,1,1,1,1,0,2,2,R,7.66 ,2,1,1,R,8989,1,R,99,R,6100,R,4426,A,.,R,40,R,65,1,1,0,0,0,0,0,1,130,1,130,1,130,1,130
7,100760,1,1,-2,0,1,0,0,1,2,0,-2,1,0,1,1,1,0,0,0,0,0,0,0,0,0,1,1,1,2,1,1,2,-2,-2,1,1,0,1,0,1,1,1,0,0,0,1,1,0,1,0,1,1,1,0,0,0,0,0,0,0,1,0,0,0,0,0,0,0,-2,1,0,0,0,0,1,1,1,1,1,1,0,2,0,0,0,0,2,1,1,0,-2,-2,-2,1,1,1,-2,0,2,2,R,8.68 ,2,1,2,A,.,3,A,.,A,.,A,.,A,.,R,0,A,.,1,0,0,1,0,0,0,2,-2,2,-2,2,-2,2,-2
8,100812,0,1,0,0,0,0,0,1,2,0,-2,1,0,1,1,0,0,1,1,1,0,0,0,0,0,1,1,2,1,1,2,1,-2,-2,-2,1,1,0,1,0,0,1,0,0,1,1,1,0,1,0,1,1,1,0,0,0,0,0,0,1,1,0,1,0,0,1,0,0,2,1,1,1,0,0,1,1,1,1,1,1,0,1,0,0,1,0,2,1,1,0,1,1,0,1,1,1,1,0,2,1,A,. ,-2,1,2,A,.,3,A,.,A,.,A,.,A,.,R,30,R,100,2,0,0,0,0,0,0,2,-2,2,-2,2,-2,2,-2
9,100830,0,1,1,0,0,0,1,1,2,0,-2,1,0,1,0,0,0,1,1,1,1,0,1,1,0,1,1,1,1,1,1,1,1,2,2,0,0,1,0,0,0,1,0,0,1,1,1,1,1,0,1,0,1,0,1,1,0,0,0,1,1,0,1,1,0,1,0,0,-2,1,1,1,1,0,1,1,1,1,1,1,0,1,0,0,1,0,2,1,1,0,1,1,0,1,1,1,1,0,2,2,R,6.00 ,2,1,1,R,1200,2,A,.,R,4680,R,2688,A,.,R,0,R,25,1,1,0,0,0,0,0,2,-2,1,146,1,146,1,146
10,100858,0,1,1,0,0,0,0,1,2,0,-2,1,0,1,0,0,0,1,1,1,1,0,1,1,1,1,1,1,1,1,1,1,1,1,2,0,0,0,0,0,0,1,1,0,1,1,1,1,1,0,1,0,1,0,1,1,1,0,1,1,0,1,1,1,0,1,0,0,-2,1,1,1,0,0,1,1,1,1,1,1,0,1,0,0,1,0,2,1,0,0,1,1,0,1,1,1,1,0,2,2,R,8.69 ,2,1,1,R,4495,2,A,.,R,9294,R,5704,A,.,R,50,R,60,1,1,0,0,0,0,0,1,130,1,130,1,130,1,130
11,100937,0,1,0,0,0,0,0,4,-2,-2,71,0,0,0,0,0,0,1,0,0,0,0,0,0,0,4,1,1,2,1,2,2,-2,-2,2,0,0,0,0,0,0,0,0,1,1,0,1,0,1,0,1,0,1,0,1,1,0,0,1,1,0,1,1,1,0,1,0,0,-2,1,1,1,0,0,1,1,1,1,1,1,0,1,0,0,1,0,2,1,0,0,-2,-2,-2,1,0,1,-2,0,2,2,R,17.48 ,2,2,1,R,1418,2,A,.,R,8200,R,5800,A,.,R,50,A,.,1,1,0,0,0,0,0,1,368,1,368,1,368,1,368
12,101028,1,1,-2,0,1,0,0,1,2,0,-2,1,0,1,1,1,0,0,0,0,0,0,0,0,0,1,1,1,2,1,1,2,-2,-2,1,1,1,1,1,1,1,1,1,0,0,1,1,0,1,0,1,0,1,0,0,0,0,0,0,0,1,0,0,0,0,0,0,0,-2,1,0,0,0,0,1,1,1,1,1,1,0,2,0,0,0,0,2,1,0,0,-2,-2,-2,1,0,1,-2,0,2,1,A,. ,2,1,2,A,.,3,A,.,A,.,A,.,A,.,R,0,A,.,1,0,0,1,0,0,0,2,-2,2,-2,2,-2,2,-2
13,101116,0,1,0,0,0,0,0,2,-2,-2,-2,0,0,0,0,1,0,1,0,1,0,0,0,1,0,2,1,1,1,1,1,1,1,2,1,0,0,1,0,0,0,0,0,0,1,1,1,0,1,0,0,0,1,0,0,0,0,0,0,0,0,0,0,0,0,0,0,1,-2,1,1,1,0,0,1,1,1,1,1,1,0,1,0,0,1,0,2,1,1,0,1,1,0,1,1,1,1,0,2,1,A,. ,2,2,2,A,.,3,A,.,A,.,A,.,A,.,R,75,R,75,2,0,0,0,0,0,0,2,-2,2,-2,2,-2,2,-2
14,101143,1,1,-2,1,1,0,0,1,2,0,-2,1,0,1,1,1,0,0,0,0,0,0,0,0,0,1,1,1,2,1,1,2,-2,-2,1,1,1,1,1,1,1,1,0,0,0,1,1,1,1,0,1,1,1,0,0,0,0,0,0,0,1,0,0,0,0,0,0,0,-2,1,1,1,0,0,1,1,1,1,1,1,0,1,0,0,1,0,2,1,1,0,-2,-2,-2,1,1,1,-2,0,2,2,R,5.14 ,2,1,2,A,.,3,A,.,A,.,A,.,A,.,R,0,A,.,1,0,0,1,0,0,0,2,-2,2,-2,2,-2,2,-2
15,101161,1,1,-2,0,1,0,0,1,2,0,-2,1,0,1,1,1,0,0,0,0,0,0,0,0,0,1,1,1,2,1,1,2,-2,-2,1,1,0,1,0,1,1,0,0,0,1,1,1,0,1,0,1,1,1,0,0,0,0,0,0,1,0,0,0,0,0,0,0,0,-2,1,1,1,0,0,1,1,1,1,1,1,0,1,0,0,1,0,2,1,1,0,-2,-2,-2,1,1,1,-2,0,2,1,A,. ,2,1,1,R,575,1,R,15,A,.,A,.,R,5800,R,0,A,.,1,0,0,1,0,0,0,2,-2,2,-2,2,-2,2,-2
16,101189,0,1,0,0,0,0,0,4,-2,-2,74,0,0,0,0,1,0,1,0,1,0,0,1,1,0,1,1,1,1,1,1,1,1,1,2,0,0,1,0,0,0,0,0,0,1,1,1,0,1,0,1,0,1,0,1,1,0,0,1,1,1,0,1,0,0,1,0,0,-2,1,1,1,0,0,1,1,1,1,1,1,0,1,0,0,1,0,2,1,1,0,1,1,0,1,1,1,1,0,2,2,R,11.00 ,2,2,1,R,704,1,R,20,R,3980,R,4250,A,.,R,25,R,75,1,0,1,0,0,0,0,1,315,1,334,1,334,2,-2
17,101240,1,1,-2,1,1,0,0,1,2,0,-2,1,0,1,1,1,0,0,0,0,0,0,0,0,0,1,1,1,2,1,1,2,-2,-2,1,1,1,1,1,1,1,1,0,0,0,1,1,1,1,0,1,1,1,0,0,0,0,0,0,1,1,0,0,0,0,0,0,0,-2,1,1,1,0,0,1,1,1,1,1,1,0,1,0,1,1,0,2,1,1,0,-2,-2,-2,1,1,1,-2,0,2,2,R,3.81 ,2,1,1,R,110,1,R,15,A,.,A,.,R,4800,R,0,A,.,1,0,0,1,0,0,0,2,-2,2,-2,2,-2,2,-2
18,101277,1,0,-2,0,0,0,0,2,-2,-2,-2,1,0,1,1,0,0,-2,-2,-2,-2,0,-2,-2,-2,7,1,1,-2,2,2,-2,-2,-2,1,0,0,0,0,0,0,0,0,1,0,0,0,0,0,1,0,0,0,1,0,0,0,0,0,0,0,0,-2,-2,-2,-2,0,1,-2,0,0,1,0,0,0,1,0,0,0,0,0,1,0,0,1,0,2,0,0,1,-2,-2,-2,0,0,0,-2,1,2,1,A,. ,2,-2,2,A,.,3,A,.,A,.,A,.,A,.,R,0,A,.,-2,-2,-2,-2,-2,-2,-2,-2,-2,-2,-2,-2,-2,-2,-2
19,101286,1,1,-2,0,0,0,1,1,2,0,-2,1,0,1,1,1,0,0,0,0,0,0,0,0,0,1,1,1,2,1,1,2,-2,-2,1,1,1,0,1,1,1,1,1,0,0,1,1,0,1,0,1,1,1,0,0,0,0,0,0,0,1,0,0,0,0,0,0,0,-2,1,1,1,0,0,1,1,1,1,1,1,0,1,0,1,0,0,2,1,1,0,-2,-2,-2,1,1,1,-2,0,2,1,A,. ,2,1,2,A,.,3,A,.,A,.,A,.,A,.,R,0,A,.,1,0,0,1,0,0,0,2,-2,2,-2,2,-2,2,-2
20,101295,1,1,-2,1,1,0,0,1,2,0,-2,1,0,1,1,1,0,0,0,0,0,0,0,0,0,1,1,1,2,1,1,2,-2,-2,1,1,1,1,1,1,1,1,1,0,1,1,1,1,1,0,1,1,1,0,0,0,0,0,0,0,1,0,0,0,0,0,0,0,-2,1,1,1,0,0,1,1,1,1,1,1,0,1,0,0,1,0,2,1,1,0,-2,-2,-2,1,1,1,-2,0,2,1,A,. ,2,1,1,R,180,1,R,12,R,2800,R,2100,A,.,R,0,A,.,1,0,0,1,0,0,0,2,-2,2,-2,2,-2,2,-2
21,101301,1,1,-2,0,0,0,1,1,2,0,-2,1,0,1,1,1,0,0,0,0,0,0,0,0,0,1,1,1,2,1,1,2,-2,-2,1,1,1,1,0,1,0,0,0,0,1,1,1,0,1,0,1,1,1,0,0,0,0,0,0,0,1,0,0,0,0,0,0,0,-2,1,1,1,0,0,1,1,1,1,1,1,0,1,0,1,0,0,2,1,1,0,-2,-2,-2,1,1,1,-2,0,2,1,A,. ,2,1,2,A,.,3,A,.,A,.,A,.,A,.,R,0,A,.,1,0,0,1,0,0,0,2,-2,2,-2,2,-2,2,-2
22,101365,0,1,0,0,0,0,0,3,-2,-2,-2,1,0,1,1,1,0,1,0,1,1,0,0,0,0,1,1,1,1,1,1,1,-2,-2,2,0,0,0,0,0,0,0,0,1,1,1,1,0,1,0,1,1,1,0,0,0,0,0,0,0,1,0,0,0,0,0,0,0,-2,1,1,1,0,0,0,0,1,1,1,1,0,1,0,0,1,0,2,1,1,0,1,1,0,1,1,1,1,0,2,1,A,. ,2,2,2,A,.,3,A,.,A,.,A,.,A,.,R,0,R,0,2,0,0,0,0,0,0,2,-2,2,-2,2,-2,2,-2
23,101435,0,1,0,0,0,0,0,4,-2,-2,71,0,0,0,0,0,0,1,0,1,0,0,0,0,0,1,1,1,1,1,1,2,-2,-2,2,0,0,0,0,0,0,0,0,1,1,1,1,0,0,0,1,0,1,0,1,1,0,0,1,1,1,0,1,1,0,0,0,0,-2,1,1,1,0,0,1,1,1,1,1,1,0,1,0,0,1,0,2,1,0,0,0,0,1,1,0,1,0,0,2,1,A,. ,2,2,1,R,679,1,R,19,A,.,A,.,R,10772,R,0,R,0,1,1,0,0,0,0,0,1,171,1,378,1,378,1,378
24,101453,0,1,0,0,1,0,1,4,-2,-2,74,0,0,0,0,1,0,1,0,1,0,0,0,0,0,1,1,1,1,1,1,1,-2,-2,2,0,0,0,1,0,0,0,0,0,1,1,1,0,1,0,1,1,1,0,0,0,0,0,0,1,0,0,0,0,0,0,0,0,-2,1,1,1,0,0,1,1,1,1,1,1,0,1,0,0,1,0,2,1,1,0,1,1,0,1,1,1,1,0,2,1,A,. ,2,2,1,R,31,3,A,.,R,4000,A,.,A,.,R,35,R,35,2,0,0,0,0,0,0,2,-2,2,-2,2,-2,2,-2
25,101462,1,1,-2,0,1,0,0,1,2,0,-2,1,0,1,1,1,0,0,0,0,0,0,0,0,0,1,1,1,2,1,1,2,-2,-2,1,1,1,1,0,1,1,1,1,0,0,1,1,0,0,0,1,1,1,0,0,0,0,0,0,0,1,0,0,0,0,0,0,0,-2,1,1,1,0,0,1,1,1,1,1,1,0,1,0,0,1,0,2,1,0,0,-2,-2,-2,1,0,1,-2,0,2,1,A,. ,2,1,2,A,.,3,A,.,A,.,A,.,A,.,R,0,A,.,2,0,0,0,0,0,0,2,-2,2,-2,2,-2,2,-2
26,101471,1,1,-2,0,1,1,0,1,2,0,-2,1,1,1,1,1,0,0,0,0,0,0,0,0,0,1,1,1,2,1,1,2,-2,-2,1,1,0,0,0,1,1,0,0,0,0,0,0,0,0,1,0,0,0,1,0,0,0,0,0,0,0,0,0,0,0,0,0,1,-2,1,1,1,0,0,0,1,0,0,0,0,0,2,0,0,0,0,2,0,0,1,-2,-2,-2,0,0,0,-2,1,2,1,A,. ,2,2,2,A,.,3,A,.,A,.,A,.,A,.,R,0,A,.,2,0,0,0,0,0,0,2,-2,2,-2,2,-2,2,-2
27,101480,0,1,0,0,0,0,0,1,2,0,-2,0,0,0,0,0,0,1,1,1,1,0,1,1,0,1,1,1,1,1,1,1,1,2,2,1,0,0,1,0,0,0,0,0,1,1,1,1,1,0,1,1,1,0,1,1,0,0,0,1,0,0,1,0,0,1,0,0,-2,1,1,1,1,0,1,1,1,1,1,1,0,1,0,0,1,0,2,1,1,0,1,1,0,1,1,1,1,0,2,2,R,6.35 ,2,1,1,R,2652,2,A,.,R,4000,R,3400,A,.,R,35,R,35,1,1,0,0,0,0,0,1,111,1,111,1,111,1,111
28,101505,1,1,-2,1,1,0,1,1,2,0,-2,1,0,1,1,1,0,0,0,0,0,0,0,0,0,1,1,1,2,1,1,2,-2,-2,1,1,1,1,1,1,1,0,1,0,0,1,1,0,0,0,1,1,1,0,1,1,0,0,1,0,1,0,0,0,0,0,0,0,-2,1,1,1,0,0,1,1,1,1,1,0,0,2,0,0,0,0,2,1,1,0,-2,-2,-2,1,1,1,-2,0,2,1,A,. ,2,1,2,A,.,3,A,.,A,.,A,.,A,.,R,0,A,.,1,0,0,1,0,0,0,2,-2,2,-2,2,-2,2,-2
29,101514,1,1,-2,1,1,0,0,1,2,0,-2,1,0,1,1,1,0,0,0,0,0,0,0,0,0,1,1,1,2,1,1,2,-2,-2,1,1,1,1,0,1,1,1,0,0,0,1,1,0,1,0,1,1,1,0,0,0,0,0,0,0,1,0,0,0,0,0,0,0,-2,1,1,1,0,0,1,1,1,1,1,1,0,1,0,1,1,0,1,1,1,0,-2,-2,-2,1,1,1,-2,0,2,1,A,. ,2,1,2,A,.,3,A,.,A,.,A,.,A,.,R,0,A,.,1,0,0,1,0,0,0,2,-2,2,-2,2,-2,2,-2
30,101569,1,1,-2,0,1,0,1,1,2,0,-2,1,0,1,1,1,0,0,0,0,0,0,0,0,0,1,1,1,2,1,1,2,-2,-2,1,1,1,1,1,1,1,1,1,0,0,1,1,1,1,0,1,1,1,0,0,0,0,0,0,0,1,0,0,0,0,0,0,0,-2,1,1,1,0,0,1,1,1,1,1,0,0,1,0,1,1,0,2,1,1,0,-2,-2,-2,1,1,1,-2,0,2,1,A,. ,2,1,1,R,156,1,R,17,R,3000,R,1760,A,.,R,0,A,.,1,0,0,1,0,0,0,2,-2,2,-2,2,-2,2,-2
31,101587,0,1,0,0,0,0,1,1,2,0,-2,0,0,0,0,1,0,1,0,1,1,0,1,0,0,1,1,1,1,1,1,1,-2,-2,2,0,0,1,0,0,0,0,0,0,0,1,0,0,0,0,1,1,1,0,1,0,0,0,1,1,0,0,1,0,0,1,0,0,-2,1,1,1,1,0,1,1,1,1,1,1,0,1,0,1,1,0,1,1,1,0,1,1,0,1,1,1,1,0,2,1,A,. ,2,1,1,R,927,2,A,.,R,4760,R,3060,A,.,R,30,R,40,1,1,0,0,0,0,1,1,146,1,146,1,146,1,146
32,101602,1,1,-2,0,0,0,0,1,2,9,-2,1,0,1,1,1,0,0,0,0,0,0,0,0,0,1,1,1,2,1,1,2,-2,-2,1,1,1,0,1,1,0,1,1,0,0,1,1,1,1,0,1,1,1,0,0,0,0,0,0,0,1,0,0,0,0,0,0,0,-2,1,1,1,0,0,1,1,1,1,1,1,0,2,0,0,0,0,2,1,1,0,-2,-2,-2,1,1,1,-2,0,2,1,A,. ,2,1,1,R,94,3,A,.,R,4000,A,.,A,.,R,0,A,.,1,0,0,1,0,0,0,2,-2,2,-2,2,-2,2,-2
33,101648,0,1,-2,0,0,0,0,1,2,0,-2,0,0,0,0,1,0,0,0,0,0,0,0,0,0,1,1,1,2,1,2,2,-2,-2,2,0,0,0,0,0,0,0,0,1,1,1,0,0,0,0,1,0,1,0,1,1,0,0,1,0,0,0,0,0,0,0,0,0,-2,1,0,0,0,0,1,1,1,1,1,1,0,2,0,0,0,0,2,1,0,0,-2,-2,-2,1,0,1,-2,0,2,1,A,. ,1,1,1,R,500,1,R,21,A,.,A,.,R,4950,R,30,A,.,1,0,0,1,0,0,0,2,-2,2,-2,2,-2,2,-2
34,101675,0,1,0,0,0,0,0,4,-2,-2,55,0,0,0,0,0,0,1,0,0,0,0,0,0,0,1,1,1,2,1,1,2,-2,-2,1,0,0,0,0,0,0,0,0,1,0,0,1,0,1,0,1,0,1,0,1,1,0,0,1,1,1,0,1,1,0,1,0,0,-2,1,0,1,0,0,1,1,1,1,1,1,0,1,0,0,1,0,1,1,1,0,-2,-2,-2,1,1,1,-2,0,2,1,A,. ,2,2,1,R,846,1,R,19,R,4182,R,3388,A,.,R,0,A,.,1,1,0,0,0,0,0,1,161,1,161,1,161,1,161
35,101693,1,1,0,0,0,0,0,4,-2,-2,75,0,0,0,0,1,0,1,0,1,1,0,1,0,0,1,1,1,1,1,1,1,-2,-2,2,0,0,0,0,0,0,0,0,1,1,1,1,1,1,0,1,0,1,0,1,1,0,0,1,0,0,0,1,1,0,1,0,0,-2,1,1,1,0,0,1,1,1,1,1,1,0,1,0,0,1,0,2,1,1,0,1,1,0,1,1,1,1,0,2,2,R,4.60 ,2,2,1,R,684,1,R,19,R,5688,R,4480,A,.,R,25,R,25,1,0,1,0,0,0,0,2,-2,1,334,1,334,1,334
36,101709,0,1,0,0,0,0,0,1,2,0,-2,0,0,0,0,0,0,1,0,1,1,0,0,0,0,1,1,1,1,1,1,1,-2,-2,2,0,0,0,0,0,0,0,0,1,1,1,1,1,1,0,1,0,1,0,1,1,0,0,0,1,0,0,1,1,0,1,0,0,-2,1,1,1,0,0,1,1,1,1,1,1,0,1,0,0,1,0,1,1,0,0,1,1,0,1,1,1,1,0,2,2,R,11.78 ,2,1,1,R,1337,2,A,.,R,6595,R,3540,A,.,R,35,R,35,1,1,0,0,0,0,0,2,-2,1,146,1,146,1,146
37,101736,1,1,-2,0,1,0,0,1,2,0,-2,1,1,1,1,1,0,0,0,0,0,0,0,0,0,1,1,1,2,1,1,2,-2,-2,1,1,1,1,0,1,1,1,1,0,0,1,1,0,1,0,1,0,1,0,0,0,0,0,0,0,1,0,0,0,0,0,0,0,-2,1,0,0,1,0,1,1,1,1,1,1,0,1,0,1,1,0,2,1,1,0,-2,-2,-2,1,1,1,-2,0,2,1,A,. ,2,1,2,A,.,3,A,.,A,.,A,.,A,.,R,0,A,.,1,0,0,1,0,0,0,2,-2,2,-2,2,-2,2,-2
38,101879,0,1,0,0,0,0,1,1,2,0,-2,1,1,1,0,0,0,1,1,1,1,0,1,0,0,1,1,1,1,1,1,1,-2,-2,2,0,0,0,0,0,0,1,1,0,0,1,1,1,1,0,1,0,1,0,1,1,0,0,0,1,0,0,1,1,0,1,0,0,-2,1,1,1,0,0,1,1,1,1,1,1,0,1,0,0,1,0,2,1,1,0,1,1,0,1,1,1,1,0,2,2,R,7.14 ,2,1,1,R,2246,2,A,.,R,3530,R,4200,A,.,R,0,R,0,1,1,0,0,0,0,0,1,106,1,135,1,135,1,135
39,101897,1,1,-2,1,1,0,1,1,2,0,-2,1,0,1,1,1,0,0,0,0,0,0,0,0,0,1,1,1,2,1,1,2,-2,-2,1,1,1,0,1,1,1,1,0,0,1,1,1,1,1,0,1,1,1,0,0,0,0,0,0,0,1,0,0,0,0,0,0,0,-2,1,1,1,0,0,1,1,1,1,1,1,0,1,0,0,1,0,2,1,0,0,-2,-2,-2,1,0,1,-2,0,2,1,A,. ,2,1,2,A,.,3,A,.,A,.,A,.,A,.,R,0,A,.,1,0,0,1,0,0,0,2,-2,2,-2,2,-2,2,-2
40,101912,0,1,0,0,0,0,0,4,-2,-2,95,0,0,0,0,1,0,1,1,1,1,0,0,0,0,1,1,1,1,1,1,1,-2,-2,2,0,0,0,0,0,0,0,0,1,0,1,1,0,1,0,1,1,1,0,0,0,0,0,0,1,0,1,0,0,0,0,0,0,1,1,1,1,1,0,1,1,1,1,1,1,0,1,0,0,1,0,2,1,1,0,1,1,0,1,1,1,1,0,2,2,R,13.00 ,2,2,1,R,1227,1,R,14,R,4742,R,5358,A,.,R,0,R,0,1,0,1,0,0,0,0,2,-2,1,337,1,337,2,-2
41,101994,1,0,-2,0,1,0,1,1,2,0,-2,1,0,1,1,1,0,0,0,0,0,0,0,0,0,1,1,1,2,1,1,2,-2,-2,1,1,1,1,0,1,1,0,0,0,1,1,1,0,1,0,1,0,1,0,0,0,0,0,0,0,1,0,0,0,0,0,0,0,-2,1,0,1,0,0,0,1,1,1,1,1,0,1,0,1,0,0,2,1,0,0,-2,-2,-2,1,0,1,-2,0,2,1,A,. ,2,1,2,A,.,3,A,.,A,.,A,.,A,.,R,0,A,.,1,0,0,1,0,0,0,2,-2,2,-2,2,-2,2,-2
42,102030,1,1,-2,0,1,0,0,1,2,0,-2,1,0,1,1,1,0,0,0,0,0,0,0,0,0,1,1,1,2,1,1,2,-2,-2,1,1,1,1,0,1,1,1,0,0,1,1,1,0,1,0,1,1,1,0,0,0,0,0,0,0,1,0,0,0,0,0,0,0,-2,1,1,1,0,0,1,1,1,1,1,0,0,1,0,1,1,0,2,1,1,0,-2,-2,-2,1,1,1,-2,0,2,1,A,. ,2,1,2,A,.,3,A,.,A,.,A,.,A,.,R,0,A,.,1,0,0,1,0,0,0,2,-2,2,-2,2,-2,2,-2
43,102049,1,1,1,1,0,0,0,4,-2,-2,54,0,0,0,0,0,0,1,1,1,1,0,1,1,0,4,1,1,1,1,1,1,1,1,2,0,0,0,1,0,0,0,1,0,1,1,1,1,1,0,1,0,1,0,1,1,0,0,1,1,1,0,1,1,0,1,0,0,-2,1,1,1,0,0,1,1,1,1,1,1,0,1,0,0,1,0,2,1,1,0,1,1,0,1,1,1,1,0,2,2,R,17.00 ,2,2,1,R,2375,2,A,.,R,6336,R,5288,A,.,R,40,R,35,1,1,0,0,0,0,0,1,131,1,131,1,131,1,131
44,102058,0,1,0,0,0,0,0,4,-2,-2,54,0,0,0,0,1,0,1,0,1,0,0,0,0,0,1,1,1,1,1,1,1,-2,-2,1,0,0,1,0,0,0,0,0,0,0,0,0,0,0,1,0,0,0,1,0,0,0,0,0,0,1,0,0,0,0,0,0,0,-2,1,1,0,0,0,1,1,1,1,1,0,0,1,0,0,1,0,2,1,0,0,1,0,0,1,0,1,1,0,2,1,A,. ,2,2,2,A,.,3,A,.,A,.,A,.,A,.,R,0,R,0,2,0,0,0,0,0,0,2,-2,2,-2,2,-2,2,-2
45,102067,1,1,-2,1,1,0,0,1,2,0,-2,1,0,1,1,1,0,0,0,0,0,0,0,0,0,1,1,1,2,1,1,2,-2,-2,1,1,1,1,0,1,1,1,0,0,0,1,1,1,1,0,1,1,1,0,0,0,0,0,0,0,1,0,0,0,0,0,0,0,-2,1,1,1,0,0,1,1,1,1,1,1,0,2,0,0,0,0,1,1,1,0,-2,-2,-2,1,1,1,-2,0,2,1,A,. ,2,1,2,A,.,3,A,.,A,.,A,.,A,.,R,0,A,.,1,0,0,1,0,0,0,2,-2,2,-2,2,-2,2,-2
46,102076,1,1,-2,0,1,0,0,1,2,0,-2,1,0,1,1,1,0,0,0,0,0,0,0,0,0,1,1,1,2,1,1,2,-2,-2,1,1,1,0,0,0,0,0,0,0,0,0,1,1,0,0,1,0,1,0,0,0,0,0,0,0,1,0,0,0,0,0,0,0,-2,1,0,0,0,0,1,0,1,1,1,1,0,1,0,1,1,0,2,1,1,0,-2,-2,-2,1,1,1,-2,0,2,1,A,. ,2,1,1,R,87,1,R,10,R,2350,R,1685,A,.,R,0,A,.,1,0,0,1,0,0,0,2,-2,2,-2,2,-2,2,-2
47,102094,1,1,1,1,0,0,0,1,2,0,-2,1,1,1,1,0,0,1,1,1,1,0,1,1,0,1,1,1,1,1,1,1,1,1,2,0,0,0,1,0,0,0,0,0,1,1,1,1,1,0,1,1,1,0,1,1,0,0,1,1,1,0,1,1,0,1,0,0,-2,1,1,1,0,0,1,1,1,1,1,1,0,1,0,1,1,0,2,1,0,0,1,1,0,1,1,1,1,0,2,2,R,5.00 ,2,1,1,R,3305,2,A,.,R,4360,R,4150,A,.,R,35,R,35,1,1,0,0,0,0,0,1,134,1,134,1,134,1,134
48,102234,0,1,1,0,0,0,0,4,-2,-2,30,1,0,1,1,0,0,1,1,1,1,0,0,0,0,1,1,1,1,1,1,1,-2,-2,2,0,0,0,0,0,0,0,0,1,1,1,1,0,1,0,1,0,1,0,1,1,0,0,1,1,1,1,1,1,0,1,0,0,-2,1,1,1,0,0,1,1,1,1,1,0,0,1,0,0,1,0,2,1,1,0,1,1,0,1,1,1,1,0,2,2,R,4.70 ,2,2,1,R,1032,2,A,.,R,5768,R,5356,A,.,R,0,R,0,1,1,0,0,0,0,0,2,-2,1,161,1,161,1,161
49,102270,0,1,0,0,0,0,0,4,-2,-2,66,0,0,0,0,0,0,1,0,0,0,0,0,0,0,1,1,1,2,1,1,2,-2,-2,2,0,0,0,0,0,0,0,0,1,1,1,1,1,1,0,1,1,1,0,1,1,0,0,1,1,0,0,1,1,0,1,0,0,2,1,1,1,0,0,1,1,1,1,1,1,0,1,0,0,1,0,2,1,1,0,-2,-2,-2,1,1,1,-2,0,2,1,A,. ,2,2,1,R,336,1,R,19,R,5984,R,4070,A,.,R,20,A,.,1,0,1,0,0,0,0,2,-2,1,334,1,334,1,334
50,102298,0,1,0,0,0,0,0,4,-2,-2,76,0,0,0,0,1,0,1,0,1,0,0,0,0,0,1,1,1,1,1,1,1,-2,-2,1,0,0,0,0,0,0,0,0,1,0,1,1,0,0,0,1,1,1,0,0,0,0,0,0,1,1,0,1,1,0,1,1,0,-2,1,1,1,0,0,1,1,1,1,1,1,0,1,0,0,1,0,2,1,1,0,1,1,0,1,1,1,1,0,2,1,A,. ,2,2,1,R,800,1,R,20,A,.,A,.,R,8934,R,25,R,75,1,0,1,0,0,0,0,2,-2,1,337,1,369,1,337
51,102313,1,1,-2,0,1,0,0,1,2,0,-2,1,0,1,1,1,0,0,0,0,0,0,0,0,0,1,1,1,2,1,1,2,-2,-2,1,1,1,1,0,1,0,0,1,0,0,1,1,0,1,0,1,1,1,0,0,0,0,0,0,0,0,0,0,0,0,0,0,1,-2,1,1,1,0,0,1,1,1,1,1,1,0,1,0,1,1,0,2,1,1,0,-2,-2,-2,1,1,1,-2,0,2,1,A,. ,2,1,2,A,.,3,A,.,A,.,A,.,A,.,R,0,A,.,2,0,0,0,0,0,0,2,-2,2,-2,2,-2,2,-2
52,102368,1,1,1,0,1,0,1,1,2,0,-2,1,0,1,0,1,0,1,1,1,1,0,1,1,0,1,1,1,1,1,1,1,1,2,2,0,0,1,0,1,0,1,1,0,1,1,1,1,1,0,1,1,1,0,1,1,0,0,1,1,1,0,1,1,0,1,0,0,-2,1,1,1,0,0,1,1,1,1,1,0,0,1,0,0,1,0,2,1,1,0,1,1,0,1,1,1,1,0,2,1,A,. ,2,1,1,R,1947,1,R,14,R,3920,R,3679,A,.,R,30,R,50,1,1,0,0,0,0,0,1,134,1,134,1,134,1,134
53,102377,1,1,1,0,0,0,0,3,-2,-2,-2,0,0,0,0,0,0,1,0,1,0,0,1,1,0,1,1,1,1,1,1,1,1,1,2,0,0,0,0,0,0,0,0,1,0,1,1,0,1,0,1,0,1,0,1,1,1,0,1,1,0,1,1,1,0,1,0,0,-2,1,1,1,0,0,1,1,1,1,1,1,0,1,0,0,1,0,2,1,1,0,1,1,0,1,1,1,1,0,2,1,A,. ,2,2,1,R,1500,1,R,19,R,5376,R,5304,A,.,R,25,R,35,1,1,0,0,0,0,0,1,161,1,161,1,161,1,161
54,102395,0,1,0,0,0,0,0,3,-2,-2,-2,1,0,1,0,0,0,1,0,1,0,0,0,0,1,5,1,1,1,1,1,1,-2,-2,2,0,0,0,0,0,0,0,1,0,1,1,1,0,1,0,0,1,0,0,0,0,0,0,0,0,0,0,0,0,0,0,0,1,-2,1,0,0,0,0,1,1,1,1,1,1,0,2,0,0,0,0,2,1,1,0,1,1,0,1,1,1,1,0,1,1,A,. ,2,2,2,A,.,3,A,.,A,.,A,.,A,.,R,0,R,0,2,0,0,0,0,0,0,2,-2,2,-2,2,-2,2,-2
55,102429,1,1,-2,0,0,0,1,1,2,0,-2,1,0,1,1,1,0,0,0,0,0,0,0,0,0,1,1,1,2,1,1,2,-2,-2,1,1,1,0,1,1,1,0,1,0,0,1,0,0,1,0,1,1,1,0,0,0,0,0,0,0,1,0,0,0,0,0,0,0,-2,1,0,0,0,0,1,1,1,1,1,1,0,1,0,1,1,0,2,1,1,0,-2,-2,-2,1,1,1,-2,0,2,1,A,. ,2,1,1,R,60,3,A,.,R,1450,A,.,A,.,R,0,A,.,1,0,0,1,0,0,0,2,-2,2,-2,2,-2,2,-2
56,102553,1,1,1,1,1,0,1,1,2,0,-2,1,0,1,1,1,0,1,1,1,1,0,1,1,0,1,1,1,1,1,1,1,1,2,2,1,0,0,1,0,0,0,1,0,0,1,1,1,1,0,1,0,1,0,1,1,0,0,1,1,1,1,1,1,0,0,0,0,-2,1,1,1,0,0,1,1,1,1,1,1,0,1,0,0,1,0,2,1,1,0,1,1,0,1,1,1,1,0,2,1,A,. ,2,1,1,R,996,1,R,14,R,7312,R,5350,A,.,R,0,R,75,1,1,0,0,0,0,0,2,-2,1,213,2,-2,1,213
57,102580,0,1,0,0,0,0,0,4,-2,-2,88,0,0,0,1,1,1,1,0,0,0,0,0,0,0,1,1,1,2,1,1,2,-2,-2,1,0,0,0,1,0,0,0,0,0,0,1,0,0,0,0,1,0,1,0,0,0,0,0,0,0,1,0,0,0,0,0,0,0,-2,0,0,0,0,1,1,1,1,1,1,0,0,1,0,0,1,0,2,1,0,0,-2,-2,-2,1,0,1,-2,0,2,1,A,. ,2,2,1,R,24,1,R,10,A,.,A,.,R,7000,R,35,A,.,2,0,0,0,0,0,0,2,-2,2,-2,2,-2,2,-2
58,102614,1,1,1,1,1,0,1,1,2,0,-2,1,0,1,1,1,0,1,1,1,0,0,1,0,0,1,1,1,1,1,1,1,-2,-2,1,1,1,0,1,0,0,0,1,0,0,1,1,1,1,0,1,1,1,0,1,1,0,0,0,1,1,1,1,0,0,1,0,0,-2,1,1,1,0,0,1,1,1,1,1,1,0,1,0,0,1,0,2,1,1,0,1,1,0,1,1,1,1,0,2,1,A,. ,2,1,1,R,1123,2,A,.,R,5150,R,5500,A,.,R,50,R,75,1,1,0,0,0,0,0,2,-2,1,213,2,-2,1,213
59,102632,1,1,1,1,1,1,0,1,2,0,-2,1,0,1,1,1,0,1,1,1,1,0,0,0,0,1,1,1,1,1,1,1,-2,-2,2,1,1,0,1,0,0,0,0,0,0,1,1,1,1,0,1,1,1,0,0,0,0,0,0,1,1,0,1,1,0,1,0,0,-2,1,1,1,0,0,1,1,1,1,1,1,0,1,0,0,1,0,2,1,1,0,1,1,0,1,1,1,1,0,2,2,R,4.80 ,2,1,1,R,370,2,A,.,R,5830,R,4000,A,.,R,50,R,60,2,0,0,0,0,0,0,2,-2,2,-2,2,-2,2,-2
60,102669,1,1,1,1,0,1,0,4,-2,-2,71,1,0,1,1,1,0,1,1,1,0,0,0,1,0,1,1,1,1,1,1,1,1,2,2,0,0,0,1,0,0,0,0,0,1,1,0,0,1,0,1,1,1,0,1,0,0,0,1,0,1,0,1,0,0,1,0,0,-2,1,1,0,0,0,1,1,1,0,1,1,0,1,0,0,1,0,1,1,1,0,1,0,0,1,1,1,1,0,2,2,R,13.00 ,2,2,1,R,90,2,A,.,R,3470,R,4830,A,.,R,25,R,25,2,0,0,0,0,0,0,2,-2,2,-2,2,-2,2,-2
61,102711,1,0,-2,0,0,0,0,1,2,0,-2,1,0,1,1,0,0,-2,-2,-2,-2,0,-2,-2,-2,6,1,1,-2,1,1,-2,-2,-2,1,1,1,0,0,0,0,0,0,0,0,0,0,0,0,1,0,0,0,1,0,0,0,0,0,0,0,0,-2,-2,-2,-2,0,1,-2,1,1,1,0,0,1,1,1,0,1,0,0,2,0,0,0,0,2,0,0,1,-2,-2,-2,0,0,0,-2,1,2,1,A,. ,2,-2,1,R,164,1,R,19,A,.,A,.,C,11387,R,50,A,.,-2,-2,-2,-2,-2,-2,-2,-2,-2,-2,-2,-2,-2,-2,-2
62,102845,1,1,0,0,0,0,0,2,-2,-2,-2,1,1,0,1,1,0,1,0,0,0,0,0,0,0,5,1,1,2,2,2,2,-2,-2,1,0,0,0,0,0,0,0,0,1,1,1,1,0,1,0,0,0,1,0,0,0,0,0,0,0,1,0,0,0,0,0,0,0,-2,1,1,1,0,0,0,0,1,1,0,0,0,1,0,0,1,0,2,1,1,0,-2,-2,-2,1,1,1,-2,0,2,1,A,. ,2,2,2,A,.,3,A,.,A,.,A,.,A,.,R,0,A,.,2,0,0,0,0,0,0,2,-2,2,-2,2,-2,2,-2
63,103501,1,0,-2,0,0,0,0,2,-2,-2,-2,1,0,1,1,1,0,0,0,0,0,0,0,0,0,7,1,1,-2,2,2,-2,-2,-2,1,0,0,0,0,0,0,0,0,1,0,1,1,0,0,0,0,0,0,1,0,0,0,0,0,0,1,0,0,0,0,0,0,0,-2,1,1,1,0,0,0,1,1,0,0,0,0,1,0,0,1,0,2,0,0,1,-2,-2,-2,0,0,0,-2,1,2,1,A,. ,2,-2,2,A,.,3,A,.,A,.,A,.,A,.,R,0,A,.,2,0,0,0,0,0,0,2,-2,2,-2,2,-2,2,-2
64,103529,1,1,1,1,1,1,0,1,2,0,-2,1,0,1,1,1,1,1,1,1,1,0,1,0,0,-2,-2,-2,-2,-2,-2,-2,-2,-2,-2,-2,-2,-2,-2,-2,-2,-2,-2,-2,-2,-2,-2,-2,-2,-2,-2,-2,-2,-2,-2,-2,-2,-2,-2,-2,-2,-2,-2,-2,-2,-2,-2,-2,-2,-2,-2,-2,-2,-2,-2,-2,-2,-2,-2,-2,-2,-2,-2,-2,-2,-2,-2,-2,-2,-2,-2,-2,-2,-2,-2,-2,-2,-2,-2,-2,A,. ,-2,-2,-2,A,.,-2,A,.,A,.,A,.,A,.,A,.,A,.,-2,-2,-2,-2,-2,-2,-2,-2,-2,-2,-2,-2,-2,-2,-2
65,103741,1,0,-2,0,0,0,0,2,-2,-2,-2,1,0,1,1,0,0,-2,-2,-2,-2,0,-2,-2,-2,7,1,1,-2,1,1,-2,-2,-2,1,0,0,0,0,0,0,0,0,1,0,0,1,0,0,0,0,0,0,1,0,0,0,0,0,0,1,0,-2,-2,-2,-2,0,0,-2,1,1,1,0,0,0,1,1,0,0,0,0,1,0,0,1,0,2,0,0,1,-2,-2,-2,0,0,0,-2,1,2,1,A,. ,2,-2,2,A,.,3,A,.,A,.,A,.,A,.,R,125,A,.,-2,-2,-2,-2,-2,-2,-2,-2,-2,-2,-2,-2,-2,-2,-2
66,103893,1,1,-2,0,0,0,0,2,-2,-2,-2,0,0,0,1,1,0,0,0,0,0,0,0,0,0,6,1,1,-2,2,2,-2,-2,-2,1,0,0,0,0,0,0,0,0,1,1,1,1,0,1,0,0,1,0,0,0,0,0,0,0,0,1,0,0,0,0,0,0,0,-2,1,0,1,0,0,1,1,1,1,1,0,0,1,0,0,1,0,2,1,1,0,-2,-2,-2,1,1,1,-2,0,2,1,A,. ,2,-2,2,A,.,3,A,.,A,.,A,.,A,.,R,0,A,.,2,0,0,0,0,0,0,2,-2,2,-2,2,-2,2,-2
67,103909,1,1,-2,0,0,0,0,2,-2,-2,-2,0,0,0,1,1,0,0,0,0,0,0,0,0,0,6,1,1,-2,2,2,-2,-2,-2,1,0,0,0,0,0,0,0,0,1,1,1,1,0,1,0,0,1,0,0,0,0,0,0,0,0,1,0,0,0,0,0,0,0,-2,1,0,1,0,0,1,1,1,1,1,0,0,1,0,0,1,0,2,1,0,0,-2,-2,-2,1,0,1,-2,0,2,1,A,. ,2,-2,2,A,.,3,A,.,A,.,A,.,A,.,R,0,A,.,2,0,0,0,0,0,0,2,-2,2,-2,2,-2,2,-2
68,103927,1,1,-2,0,0,0,0,2,-2,-2,-2,0,0,0,1,1,0,0,0,0,0,0,0,0,0,6,1,1,-2,2,2,-2,-2,-2,1,0,0,0,0,0,0,0,0,1,1,1,1,0,1,0,0,0,0,1,0,0,0,0,0,0,1,0,0,0,0,0,0,0,-2,1,1,1,0,0,1,1,1,1,1,0,0,1,0,0,1,0,2,1,0,0,-2,-2,-2,1,0,1,-2,0,2,1,A,. ,2,-2,2,A,.,3,A,.,A,.,A,.,A,.,R,0,A,.,2,0,0,0,0,0,0,2,-2,2,-2,2,-2,2,-2
69,103954,1,0,-2,0,0,0,0,2,-2,-2,-2,1,0,1,1,0,0,-2,-2,-2,-2,0,-2,-2,-2,7,1,1,-2,2,2,-2,-2,-2,1,0,0,0,0,0,0,0,0,1,0,0,0,0,0,1,1,0,0,0,0,0,0,0,0,0,1,0,-2,-2,-2,-2,0,0,-2,1,1,1,0,0,0,1,1,0,0,0,0,1,0,0,1,0,2,0,0,1,-2,-2,-2,0,0,0,-2,1,2,1,A,. ,2,-2,2,A,.,3,A,.,A,.,A,.,A,.,R,100,A,.,-2,-2,-2,-2,-2,-2,-2,-2,-2,-2,-2,-2,-2,-2,-2
70,103963,1,0,-2,0,0,0,0,2,-2,-2,-2,0,0,0,1,1,0,0,0,0,0,0,0,0,0,6,1,1,-2,1,2,-2,-2,-2,1,0,0,0,0,0,0,0,0,1,0,1,1,0,1,0,0,0,0,1,0,0,0,0,0,0,1,0,0,0,0,0,0,0,-2,1,0,1,0,0,0,1,1,0,1,0,0,1,0,0,1,0,2,1,0,0,-2,-2,-2,1,0,1,-2,0,2,1,A,. ,2,-2,2,A,.,3,A,.,A,.,A,.,A,.,R,40,A,.,2,0,0,0,0,0,0,2,-2,2,-2,2,-2,2,-2
71,104090,1,1,0,0,0,0,0,2,-2,-2,-2,1,0,1,0,1,0,1,0,1,0,0,0,0,0,6,1,1,1,2,2,2,-2,-2,1,0,0,0,0,0,0,0,0,1,0,1,1,0,1,0,0,0,0,1,0,0,0,0,0,0,1,0,0,0,0,0,0,0,-2,1,1,1,0,0,0,0,1,1,1,1,0,1,1,1,1,0,2,1,1,0,1,1,0,1,1,1,1,0,2,1,A,. ,2,-2,2,A,.,3,A,.,A,.,A,.,A,.,R,0,A,.,2,0,0,0,0,0,0,2,-2,2,-2,2,-2,2,-2
72,104151,0,1,1,0,0,0,0,1,2,0,-2,1,0,1,1,0,0,1,1,1,1,0,1,1,0,1,1,1,1,1,1,1,1,1,2,1,1,0,1,0,0,1,1,0,1,1,1,1,1,0,1,0,1,0,1,1,1,1,1,1,1,1,1,1,0,1,0,0,-2,1,1,1,1,0,1,1,1,1,1,1,0,1,0,0,1,0,1,1,1,0,1,1,0,1,1,1,1,0,2,2,R,6.80 ,2,1,1,R,16179,2,A,.,R,9108,R,5610,A,.,R,50,R,70,1,1,0,0,0,0,0,1,127,1,127,1,127,1,127
73,104160,1,1,-2,0,0,0,1,1,2,0,-2,1,1,1,1,1,0,0,0,0,0,0,0,0,0,1,1,1,2,1,1,2,-2,-2,1,1,1,0,1,1,0,0,1,0,1,1,1,1,1,0,1,0,1,0,0,0,0,0,0,0,1,0,0,0,0,0,0,0,-2,1,1,1,1,0,1,1,1,1,1,1,0,1,0,0,1,0,1,1,1,0,-2,-2,-2,1,1,1,-2,0,2,1,A,. ,2,1,1,R,262,2,A,.,R,2378,R,5590,A,.,R,0,A,.,1,0,0,1,0,0,1,2,-2,2,-2,2,-2,2,-2
74,104179,1,1,1,0,0,0,0,1,2,0,-2,1,0,1,0,0,0,1,1,1,1,0,1,1,0,1,1,1,1,1,1,1,1,1,2,1,1,0,1,0,0,1,1,0,1,1,1,1,1,0,1,1,1,0,1,1,1,1,1,1,1,1,1,1,0,1,0,0,-2,1,1,1,0,0,1,1,1,1,1,1,0,1,1,0,1,0,1,1,1,0,1,1,0,1,1,1,1,0,2,2,R,8.00 ,2,1,1,R,7575,2,A,.,R,8650,R,5000,A,.,R,50,R,90,1,1,0,0,0,0,0,1,127,1,127,1,127,1,127
75,104346,1,1,-2,1,1,0,1,1,9,2,-2,1,1,1,1,1,0,0,0,0,0,0,0,0,0,1,1,1,2,1,1,2,-2,-2,1,0,0,0,1,0,0,0,1,0,0,1,1,0,0,0,1,0,1,0,0,0,0,0,0,0,1,0,1,1,1,0,0,0,-2,1,1,0,1,0,1,1,1,1,1,1,0,1,0,0,1,0,1,1,1,0,-2,-2,-2,1,1,1,-2,0,2,2,R,4.00 ,2,1,1,R,250,2,A,.,R,3000,R,4900,A,.,R,0,A,.,1,0,0,1,0,0,0,2,-2,2,-2,2,-2,2,-2
76,104391,1,0,-2,0,0,0,0,2,-2,-2,-2,1,0,1,1,0,0,-2,-2,-2,-2,0,-2,-2,-2,6,1,1,-2,2,2,-2,-2,-2,1,0,0,0,0,0,0,0,0,1,0,0,0,0,0,1,0,0,0,1,0,0,0,0,0,0,0,0,-2,-2,-2,-2,0,1,-2,1,0,1,0,0,0,1,0,0,0,0,0,2,0,0,0,0,2,0,0,1,-2,-2,-2,0,0,0,-2,1,2,1,A,. ,2,-2,2,A,.,3,A,.,A,.,A,.,A,.,R,100,A,.,-2,-2,-2,-2,-2,-2,-2,-2,-2,-2,-2,-2,-2,-2,-2
77,104425,1,1,-2,0,0,0,0,1,2,0,-2,1,1,1,1,1,0,0,0,0,0,0,0,0,0,1,1,1,2,1,1,2,-2,-2,1,1,1,1,1,1,1,1,1,0,0,1,1,0,1,0,1,1,1,0,0,0,0,0,0,0,1,0,0,0,0,0,0,0,-2,1,1,0,0,0,1,1,1,1,1,1,0,1,0,0,1,0,2,1,1,0,-2,-2,-2,1,1,1,-2,0,2,2,R,3.31 ,2,1,1,R,185,1,R,18,A,.,A,.,R,7462,R,0,A,.,1,0,0,1,0,0,1,2,-2,2,-2,2,-2,2,-2
78,104443,1,0,-2,0,0,0,0,2,-2,-2,-2,1,0,1,1,0,0,-2,-2,-2,-2,0,-2,-2,-2,7,1,1,-2,1,1,-2,-2,-2,1,0,0,0,0,0,0,0,0,1,0,0,1,0,0,0,0,0,0,1,0,0,0,0,0,0,1,0,-2,-2,-2,-2,0,0,-2,1,1,1,0,0,0,1,1,0,0,0,0,1,0,0,1,0,2,0,0,1,-2,-2,-2,0,0,0,-2,1,2,1,A,. ,2,-2,2,A,.,3,A,.,A,.,A,.,A,.,R,125,A,.,-2,-2,-2,-2,-2,-2,-2,-2,-2,-2,-2,-2,-2,-2,-2
79,104568,1,0,-2,0,0,0,0,2,-2,-2,-2,1,0,1,1,0,0,-2,-2,-2,-2,0,-2,-2,-2,7,1,1,-2,1,1,-2,-2,-2,1,0,0,0,0,0,0,0,1,0,1,0,1,0,0,0,0,0,0,1,0,0,0,0,0,0,1,0,-2,-2,-2,-2,0,0,-2,1,1,1,0,0,0,1,1,0,0,0,0,1,0,0,1,0,2,1,0,0,-2,-2,-2,1,0,1,-2,0,2,1,A,. ,2,-2,2,A,.,3,A,.,A,.,A,.,A,.,R,50,A,.,-2,-2,-2,-2,-2,-2,-2,-2,-2,-2,-2,-2,-2,-2,-2
80,104577,1,1,-2,1,0,0,0,1,2,5,-2,1,1,1,1,1,0,0,0,0,0,0,0,0,0,1,1,1,2,1,1,2,-2,-2,1,0,0,0,0,0,0,0,0,1,0,1,1,0,0,0,1,1,1,0,0,0,0,0,0,0,1,0,0,0,0,0,0,0,-2,1,1,1,0,0,1,1,1,1,1,1,0,1,0,0,1,0,1,1,1,0,-2,-2,-2,1,1,1,-2,0,2,1,A,. ,2,1,1,R,421,2,A,.,R,3700,R,4000,A,.,R,0,A,.,1,0,0,1,0,0,0,2,-2,2,-2,2,-2,2,-2
81,104586,0,1,0,0,0,0,0,3,-2,-2,-2,0,0,0,0,0,0,1,0,1,0,0,0,0,0,1,1,1,1,1,1,1,-2,-2,2,0,0,0,0,0,0,1,0,0,1,1,1,1,1,0,1,1,1,0,1,1,0,0,1,1,0,1,0,0,0,0,0,0,-2,1,1,0,0,0,1,1,1,1,1,1,0,1,0,0,1,0,1,1,0,0,1,0,0,1,0,1,1,0,2,2,R,4.00 ,2,2,1,R,1432,2,A,.,R,7900,R,5260,A,.,R,50,R,50,1,0,1,0,0,0,0,2,-2,1,301,1,301,1,301
82,104665,0,1,0,0,0,0,0,3,-2,-2,-2,0,0,0,0,0,0,0,0,1,0,0,0,0,0,1,2,2,1,2,2,2,-2,-2,-2,0,0,0,0,0,0,0,0,1,0,1,1,0,0,0,0,0,1,0,0,0,0,0,0,0,0,0,0,0,0,0,0,1,4,0,0,0,0,1,1,1,1,1,1,0,0,1,1,0,1,0,2,-2,-2,-2,0,0,1,0,0,-2,0,1,2,-2,A,. ,-2,2,1,R,19,3,A,.,R,7800,A,.,A,.,A,.,R,50,2,0,0,0,0,0,0,2,-2,2,-2,2,-2,2,-2
83,104708,1,1,-2,1,1,0,0,1,2,5,-2,1,1,1,1,1,0,0,0,0,0,0,0,0,0,1,1,1,2,1,1,2,-2,-2,1,1,0,0,1,1,1,1,0,0,0,1,1,1,1,0,1,1,1,0,0,0,0,0,0,1,0,0,0,0,0,0,0,0,-2,1,1,0,1,0,1,1,1,1,1,1,0,1,0,0,1,0,2,1,0,0,-2,-2,-2,1,0,1,-2,0,2,1,A,. ,2,1,2,A,.,3,A,.,A,.,A,.,A,.,R,0,A,.,1,0,0,1,0,0,0,2,-2,2,-2,2,-2,2,-2
84,104717,0,1,1,0,0,0,0,2,-2,-2,-2,1,0,1,0,0,0,1,1,1,1,0,1,0,0,1,1,1,1,1,1,1,-2,-2,2,0,0,0,0,0,0,0,0,1,1,1,1,0,1,0,1,1,1,0,1,1,0,0,1,1,1,1,1,1,0,1,0,0,-2,1,1,0,0,0,1,1,1,1,1,0,0,1,0,0,1,0,2,1,1,0,1,1,0,1,1,1,1,0,2,1,A,. ,2,2,1,R,17569,2,A,.,R,5400,R,3900,A,.,R,0,R,0,1,1,0,0,0,0,0,2,-2,1,137,1,137,1,137
85,105136,1,1,-2,1,1,1,0,1,2,5,-2,1,1,1,1,1,1,0,0,0,0,0,0,0,0,-2,-2,-2,-2,-2,-2,-2,-2,-2,-2,-2,-2,-2,-2,-2,-2,-2,-2,-2,-2,-2,-2,-2,-2,-2,-2,-2,-2,-2,-2,-2,-2,-2,-2,-2,-2,-2,-2,-2,-2,-2,-2,-2,-2,-2,-2,-2,-2,-2,-2,-2,-2,-2,-2,-2,-2,-2,-2,-2,-2,-2,-2,-2,-2,-2,-2,-2,-2,-2,-2,-2,-2,-2,-2,-2,A,. ,-2,-2,-2,A,.,-2,A,.,A,.,A,.,A,.,A,.,A,.,-2,-2,-2,-2,-2,-2,-2,-2,-2,-2,-2,-2,-2,-2,-2
86,105145,1,1,-2,1,0,1,0,1,2,5,-2,1,1,1,1,1,1,0,0,0,0,0,0,0,0,1,1,1,2,1,1,2,-2,-2,1,1,1,1,1,0,0,1,1,0,0,1,1,1,1,0,1,1,1,0,0,0,0,0,0,1,0,0,1,1,1,0,0,0,-2,1,1,1,1,0,1,1,1,1,1,1,0,1,0,0,1,0,2,1,1,0,-2,-2,-2,1,1,1,-2,0,2,1,A,. ,2,1,2,A,.,3,A,.,A,.,A,.,A,.,R,0,A,.,1,0,0,1,0,0,0,2,-2,2,-2,2,-2,2,-2
87,105154,1,1,-2,1,1,0,0,1,2,5,-2,1,1,1,1,1,0,0,0,0,0,0,0,0,0,1,1,1,2,1,1,2,-2,-2,1,1,1,0,1,1,1,1,0,0,0,1,1,1,1,0,1,1,1,0,1,1,0,0,1,1,1,0,0,0,0,0,0,0,-2,1,1,1,1,0,1,1,1,1,1,1,0,1,0,0,1,0,1,1,1,0,-2,-2,-2,1,1,1,-2,0,2,1,A,. ,2,1,2,A,.,3,A,.,A,.,A,.,A,.,R,0,A,.,1,0,0,1,0,0,0,2,-2,2,-2,2,-2,2,-2
88,105206,1,1,-2,1,1,0,1,1,2,0,-2,1,0,1,1,1,0,0,0,0,0,0,0,0,0,1,1,1,2,1,1,2,-2,-2,1,1,1,0,1,0,0,0,0,0,1,1,1,1,1,0,1,1,1,0,0,0,0,0,0,0,0,0,0,0,0,0,0,1,-2,1,1,0,0,0,1,1,1,1,1,1,0,1,0,0,1,0,2,1,1,0,-2,-2,-2,1,1,1,-2,0,2,1,A,. ,2,1,2,A,.,3,A,.,A,.,A,.,A,.,R,0,A,.,1,0,0,1,0,0,0,2,-2,2,-2,2,-2,2,-2
89,105215,1,0,-2,0,0,0,0,2,-2,-2,-2,0,0,0,1,1,0,0,0,0,0,0,0,0,0,7,1,1,-2,2,2,-2,-2,-2,1,0,0,0,0,0,0,0,0,1,0,0,1,0,0,0,0,0,0,1,0,0,0,0,0,0,0,0,0,0,0,0,0,1,-2,1,1,1,0,0,1,1,1,1,1,0,0,1,1,0,1,0,2,0,0,1,-2,-2,-2,0,0,0,-2,1,2,2,R,3.30 ,2,-2,2,A,.,3,A,.,A,.,A,.,A,.,R,50,A,.,2,0,0,0,0,0,0,2,-2,2,-2,2,-2,2,-2
90,105297,0,1,0,0,1,0,0,1,1,9,-2,1,0,1,1,1,0,1,0,1,0,0,0,0,0,1,1,1,1,1,1,1,-2,-2,1,0,0,1,0,0,1,0,0,0,0,1,1,1,0,0,1,0,0,0,0,0,0,0,0,0,0,0,1,1,0,0,0,0,-2,1,1,0,1,0,1,1,1,1,1,1,0,1,0,0,1,0,2,1,1,0,1,0,0,1,1,1,1,0,2,1,A,. ,2,2,1,R,281,1,R,19,R,1280,R,2960,A,.,R,20,R,20,1,0,0,0,1,0,0,2,-2,2,-2,2,-2,2,-2
91,105330,0,1,0,0,0,0,0,1,2,0,-2,1,0,1,1,0,0,1,1,1,1,0,1,1,0,1,1,1,1,1,1,1,1,2,2,0,0,0,0,0,0,0,0,1,1,1,1,1,1,0,1,0,1,0,1,1,0,0,1,1,0,1,1,1,0,1,0,0,-2,1,1,1,0,0,1,1,1,1,1,1,0,1,1,0,1,0,1,1,1,0,1,1,0,1,1,1,1,0,2,2,R,5.83 ,2,1,1,R,9952,2,A,.,R,6180,R,5548,A,.,R,25,R,65,1,1,0,0,0,0,0,1,105,1,105,2,-2,1,105
92,105349,1,1,-2,1,1,0,1,1,5,0,-2,1,0,1,1,1,0,0,0,0,0,0,0,0,0,1,1,1,2,1,1,2,-2,-2,1,1,0,0,1,0,0,0,1,0,0,1,1,0,1,0,1,1,1,0,0,0,0,0,0,0,0,0,1,0,1,0,0,0,-2,1,1,1,0,0,1,1,1,1,1,1,0,1,0,0,1,0,2,1,1,0,-2,-2,-2,1,1,1,-2,0,2,2,R,6.00 ,2,1,2,A,.,3,A,.,A,.,A,.,A,.,R,0,A,.,2,0,0,0,0,0,0,2,-2,2,-2,2,-2,2,-2
93,105367,0,1,1,0,0,0,0,4,-2,-2,52,0,0,0,0,0,0,1,0,1,1,0,0,1,0,1,1,2,1,1,2,1,1,2,-2,0,0,0,0,0,0,0,0,1,1,1,1,0,1,0,0,0,1,0,0,0,0,0,0,0,1,0,1,0,0,1,0,0,-2,1,0,0,0,0,0,1,1,0,1,1,0,1,0,0,1,0,2,1,1,0,1,1,0,1,1,1,1,0,2,1,A,. ,-2,2,2,A,.,3,A,.,A,.,A,.,A,.,R,50,R,75,2,0,0,0,0,0,0,2,-2,2,-2,2,-2,2,-2
94,105428,1,1,-2,1,0,0,0,1,2,5,-2,1,1,1,1,1,1,0,0,0,0,0,0,0,0,1,1,1,2,1,1,2,-2,-2,1,1,1,1,1,0,0,0,0,0,0,1,1,1,1,0,1,1,1,0,0,0,0,0,0,0,1,0,1,1,1,0,0,0,-2,1,1,0,0,0,1,1,1,1,1,1,0,1,0,0,1,0,2,1,1,0,-2,-2,-2,1,1,1,-2,0,2,1,A,. ,2,1,2,A,.,3,A,.,A,.,A,.,A,.,R,0,A,.,1,0,0,1,0,0,0,2,-2,2,-2,2,-2,2,-2
95,105525,1,1,-2,1,1,0,1,1,8,2,-2,1,1,1,1,1,0,0,0,0,0,0,0,0,0,1,1,1,2,1,1,2,-2,-2,1,1,1,0,1,1,1,1,1,0,1,1,1,1,1,0,1,1,1,0,1,1,1,0,1,1,1,0,1,1,0,1,0,0,-2,1,1,1,1,0,1,1,1,1,1,1,0,1,0,0,1,0,2,1,1,0,-2,-2,-2,1,1,1,-2,0,2,2,R,7.79 ,2,1,2,A,.,3,A,.,A,.,A,.,A,.,R,0,A,.,1,0,0,1,0,0,0,2,-2,2,-2,2,-2,2,-2
96,105534,1,0,0,0,0,0,0,2,-2,-2,-2,1,0,1,1,1,0,1,0,1,0,0,0,0,0,6,1,1,1,2,2,2,-2,-2,1,0,0,0,0,0,0,0,1,0,0,0,0,0,0,1,0,1,0,0,0,0,0,0,0,0,0,0,0,0,0,0,0,1,2,1,1,1,0,0,0,0,1,0,0,1,0,1,1,0,1,0,2,1,1,0,1,1,0,1,1,1,1,0,2,1,A,. ,2,-2,2,A,.,3,A,.,A,.,A,.,A,.,R,50,A,.,2,0,0,0,0,0,0,2,-2,2,-2,2,-2,2,-2
97,105543,1,0,-2,0,0,0,0,2,-2,-2,-2,1,0,1,1,1,0,0,0,0,0,0,0,0,0,6,1,1,-2,2,2,-2,-2,-2,1,0,0,0,0,0,0,0,0,1,0,0,0,0,0,1,0,1,0,0,0,0,0,0,0,0,0,0,0,0,0,0,0,1,-2,1,1,1,0,0,0,0,1,0,0,0,0,1,1,0,1,0,2,1,1,0,-2,-2,-2,1,1,1,-2,0,2,1,A,. ,2,-2,2,A,.,3,A,.,A,.,A,.,A,.,R,0,A,.,2,0,0,0,0,0,0,2,-2,2,-2,2,-2,2,-2
98,105589,0,1,1,0,0,0,0,3,-2,-2,-2,0,0,0,0,0,0,1,1,1,1,0,1,0,0,1,1,1,1,1,1,1,-2,-2,2,0,0,0,0,0,0,0,0,1,1,1,1,1,0,0,1,1,1,0,0,0,0,0,0,1,0,0,1,1,0,1,0,0,-2,1,0,0,0,0,1,1,1,1,1,1,0,1,0,0,1,0,2,1,1,0,1,1,0,1,1,1,1,0,2,2,R,18.00 ,2,2,1,R,123,2,A,.,R,6990,R,2054,A,.,R,0,R,0,2,0,0,0,0,0,0,2,-2,2,-2,2,-2,2,-2
99,105659,1,0,-2,0,0,0,0,2,-2,-2,-2,1,0,1,1,1,0,0,0,0,0,0,0,0,0,6,1,1,-2,2,2,-2,-2,-2,1,0,1,0,0,0,0,0,0,0,0,0,0,0,0,1,0,0,0,1,0,0,0,0,0,0,0,0,0,0,0,0,0,1,-2,0,1,1,0,0,1,1,1,0,0,1,0,1,0,0,1,0,2,1,0,0,-2,-2,-2,1,0,1,-2,0,2,1,A,. ,2,-2,2,A,.,3,A,.,A,.,A,.,A,.,R,0,A,.,2,0,0,0,0,0,0,2,-2,2,-2,2,-2,2,-2
100,105668,1,1,-2,1,1,0,0,1,2,5,-2,1,1,1,1,1,0,0,0,0,0,0,0,0,0,1,1,1,2,1,1,2,-2,-2,1,1,1,1,1,1,1,1,1,0,1,1,1,1,1,0,1,1,1,0,0,0,0,0,0,0,1,0,1,1,0,1,0,0,-2,1,1,0,0,0,1,1,1,1,1,1,0,1,0,0,1,0,2,1,1,0,-2,-2,-2,1,1,1,-2,0,2,1,A,. ,2,1,2,A,.,3,A,.,A,.,A,.,A,.,R,0,A,.,2,0,0,0,0,0,0,2,-2,2,-2,2,-2,2,-2
101,105677,1,0,-2,0,0,0,0,2,-2,-2,-2,1,0,1,0,0,0,-2,-2,-2,-2,0,-2,-2,-2,6,1,1,-2,2,2,-2,-2,-2,1,0,0,0,0,0,0,0,0,1,0,0,0,0,0,1,0,0,0,1,0,0,0,0,0,0,0,0,-2,-2,-2,-2,0,1,-2,0,0,1,0,0,0,0,0,0,1,0,0,2,0,0,0,0,2,0,0,1,-2,-2,-2,0,0,0,-2,1,2,1,A,. ,2,-2,2,A,.,3,A,.,A,.,A,.,A,.,R,50,A,.,-2,-2,-2,-2,-2,-2,-2,-2,-2,-2,-2,-2,-2,-2,-2
102,105747,1,1,-2,1,0,0,0,1,2,5,-2,1,1,1,1,1,0,0,0,0,0,0,0,0,0,1,1,1,2,1,1,2,-2,-2,1,1,1,0,1,0,0,0,0,0,0,1,1,1,1,0,1,1,1,0,0,0,0,0,0,0,0,0,1,1,1,1,0,0,-2,1,1,0,0,0,1,1,1,1,1,1,0,1,0,0,1,0,2,1,1,0,-2,-2,-2,1,1,1,-2,0,2,1,A,. ,2,1,2,A,.,3,A,.,A,.,A,.,A,.,R,0,A,.,1,0,0,1,0,0,0,2,-2,2,-2,2,-2,2,-2
103,105792,1,1,-2,1,0,0,0,1,2,5,-2,1,1,1,1,1,0,0,0,0,0,0,0,0,0,1,1,1,2,1,1,2,-2,-2,1,0,0,0,1,0,0,0,1,0,0,1,1,1,1,0,1,1,1,0,0,0,0,0,0,0,1,0,1,1,1,0,0,0,-2,1,1,0,0,0,1,1,1,1,1,1,0,1,0,0,1,0,2,1,0,0,-2,-2,-2,1,0,1,-2,0,2,1,A,. ,2,1,2,A,.,3,A,.,A,.,A,.,A,.,R,0,A,.,1,0,0,1,0,0,0,2,-2,2,-2,2,-2,2,-2
104,105899,1,1,1,0,0,1,1,4,-2,-2,88,1,0,1,1,1,0,1,0,0,0,0,0,0,0,1,1,1,2,1,1,2,-2,-2,2,0,0,0,0,0,0,0,0,1,1,1,1,0,1,0,1,0,1,0,1,0,0,0,1,1,0,0,1,1,0,1,0,0,-2,1,1,1,0,0,1,1,1,1,1,1,0,1,0,0,1,0,2,1,1,0,-2,-2,-2,1,1,1,-2,0,2,1,A,. ,2,2,1,R,600,1,R,19,R,5100,R,6500,A,.,R,0,A,.,1,0,1,0,0,0,0,1,340,1,302,1,302,1,302
105,106041,1,0,-2,0,0,0,0,2,-2,-2,-2,0,0,0,1,1,0,0,0,0,0,0,0,0,0,7,1,1,-2,2,2,-2,-2,-2,1,0,0,0,0,0,0,0,0,1,0,0,1,0,0,0,0,0,0,1,0,0,0,0,0,0,1,0,0,0,0,0,0,0,-2,1,1,1,0,0,1,1,1,1,1,0,0,1,1,0,1,0,2,0,0,1,-2,-2,-2,0,0,0,-2,1,2,1,A,. ,2,-2,2,A,.,3,A,.,A,.,A,.,A,.,R,50,A,.,2,0,0,0,0,0,0,2,-2,2,-2,2,-2,2,-2
106,106148,1,1,-2,0,0,1,1,1,4,0,-2,1,1,1,1,1,0,0,0,0,0,0,0,0,0,1,1,1,2,1,1,2,-2,-2,1,1,1,0,1,1,1,1,0,0,0,1,1,1,1,0,1,1,1,0,0,0,0,0,0,0,1,0,1,0,1,0,0,0,-2,1,1,0,0,0,1,1,1,1,1,1,0,1,0,0,1,0,1,1,1,0,-2,-2,-2,1,1,1,-2,0,2,1,A,. ,2,1,1,R,216,2,A,.,A,.,A,.,R,10520,R,0,A,.,1,0,0,1,0,0,0,2,-2,2,-2,2,-2,2,-2
107,106245,1,1,1,0,1,1,0,1,2,0,-2,1,1,1,1,1,1,1,1,1,1,0,1,1,0,1,1,1,1,1,1,1,1,1,2,1,1,1,1,0,0,1,1,0,1,1,1,1,1,0,1,1,1,0,0,0,0,0,0,1,1,0,1,1,0,1,0,0,-2,1,1,0,0,0,1,1,1,1,1,1,0,1,0,0,1,0,2,1,1,0,1,1,0,1,1,1,1,0,2,2,R,8.50 ,2,1,1,R,1395,2,A,.,R,5180,R,3750,A,.,R,40,R,40,1,1,0,0,0,0,0,2,-2,1,126,1,126,1,126
108,106263,1,1,0,0,0,0,0,1,2,0,-2,0,0,0,0,0,0,1,1,1,0,0,1,1,0,1,1,2,1,1,2,1,1,1,-2,0,0,0,0,0,0,0,1,0,0,1,1,1,1,0,0,0,0,1,0,0,0,0,0,0,0,0,0,0,0,0,0,1,2,1,0,0,0,0,1,1,1,1,1,1,0,1,0,0,1,0,2,1,1,0,1,1,0,1,1,1,1,0,2,1,A,. ,-2,1,1,R,177,3,A,.,R,7800,A,.,A,.,R,50,R,50,2,0,0,0,0,0,0,2,-2,2,-2,2,-2,2,-2
109,106306,0,1,0,0,0,0,0,4,-2,-2,54,0,0,0,0,1,0,1,0,0,0,0,0,0,0,1,1,1,2,1,1,2,-2,-2,1,0,0,0,0,0,1,0,0,0,0,0,1,0,0,0,1,1,1,0,0,0,0,0,0,0,0,0,0,0,0,0,0,1,2,1,0,1,0,0,1,1,1,1,1,1,0,1,0,0,1,0,2,0,0,1,-2,-2,-2,0,0,0,-2,1,2,2,R,5.00 ,2,2,1,R,467,2,A,.,R,4738,R,4088,A,.,R,25,A,.,1,0,1,0,0,0,0,1,377,1,377,1,377,1,377
110,106315,1,1,-2,0,0,0,0,2,-2,-2,-2,1,0,1,1,0,0,-2,-2,-2,-2,0,-2,-2,-2,7,1,1,-2,2,2,-2,-2,-2,1,0,0,0,0,0,0,0,0,1,1,0,1,0,0,0,0,0,0,1,0,0,0,0,0,0,1,0,-2,-2,-2,-2,0,0,-2,1,1,1,0,0,0,1,0,0,0,1,0,1,0,0,1,0,2,0,0,1,-2,-2,-2,0,0,0,-2,1,2,1,A,. ,2,-2,2,A,.,3,A,.,A,.,A,.,A,.,R,100,A,.,-2,-2,-2,-2,-2,-2,-2,-2,-2,-2,-2,-2,-2,-2,-2
111,106324,1,0,-2,0,0,0,0,2,-2,-2,-2,1,0,1,1,0,0,-2,-2,-2,-2,0,-2,-2,-2,7,1,1,-2,1,1,-2,-2,-2,1,0,0,0,0,0,0,0,0,1,0,0,0,0,0,1,0,0,0,1,0,0,0,0,0,0,0,0,-2,-2,-2,-2,0,1,-2,0,0,1,0,0,1,1,1,0,1,0,0,1,0,0,1,0,2,0,0,1,-2,-2,-2,0,0,0,-2,1,2,1,A,. ,2,-2,2,A,.,3,A,.,A,.,A,.,A,.,R,150,A,.,-2,-2,-2,-2,-2,-2,-2,-2,-2,-2,-2,-2,-2,-2,-2
112,106342,0,1,0,0,0,0,0,4,-2,-2,66,0,0,0,0,0,0,1,0,0,0,0,0,0,0,1,1,1,2,1,1,2,-2,-2,2,0,0,0,0,0,0,0,0,1,1,1,0,0,0,0,1,0,1,0,1,1,0,0,0,1,0,0,1,0,0,1,0,0,-2,1,1,1,0,0,1,1,1,1,1,1,0,1,0,0,1,0,2,1,0,0,-2,-2,-2,1,0,1,-2,0,2,1,A,. ,2,2,1,R,589,2,A,.,R,5770,R,5760,A,.,R,0,A,.,1,1,1,0,0,0,0,1,340,1,319,1,319,1,319
113,106351,1,1,-2,0,0,0,0,2,-2,-2,-2,1,0,1,1,0,0,-2,-2,-2,-2,0,-2,-2,-2,7,1,1,-2,2,2,-2,-2,-2,1,0,0,0,0,0,0,0,0,1,1,0,1,0,0,0,0,0,0,1,0,0,0,0,0,0,1,0,-2,-2,-2,-2,0,0,-2,1,1,1,0,0,1,0,1,0,0,1,0,1,0,0,1,0,2,0,0,1,-2,-2,-2,0,0,0,-2,1,2,1,A,. ,2,-2,2,A,.,3,A,.,A,.,A,.,A,.,R,100,A,.,-2,-2,-2,-2,-2,-2,-2,-2,-2,-2,-2,-2,-2,-2,-2
114,106360,1,0,-2,0,0,0,0,2,-2,-2,-2,1,0,1,1,0,0,-2,-2,-2,-2,0,-2,-2,-2,7,1,1,-2,2,2,-2,-2,-2,1,0,0,0,0,0,0,0,0,1,0,0,0,0,0,1,0,0,0,1,0,0,0,0,0,0,0,0,-2,-2,-2,-2,0,1,-2,0,0,1,0,0,1,1,1,0,0,0,0,1,0,0,1,0,2,0,0,1,-2,-2,-2,0,0,0,-2,1,2,1,A,. ,2,-2,2,A,.,3,A,.,A,.,A,.,A,.,R,0,A,.,-2,-2,-2,-2,-2,-2,-2,-2,-2,-2,-2,-2,-2,-2,-2
115,106397,0,1,0,0,0,0,0,1,2,0,-2,1,0,1,0,0,0,1,1,1,1,0,1,1,0,1,1,1,1,1,1,1,1,1,2,1,1,1,1,0,0,1,1,0,1,1,1,1,1,0,1,0,1,0,1,1,0,0,1,1,0,1,1,1,0,1,1,0,-2,1,1,1,1,0,1,1,1,1,1,1,0,1,0,0,1,0,1,1,1,0,1,1,0,1,1,1,1,0,2,2,R,10.62 ,2,1,1,R,6200,2,A,.,R,7968,R,4400,A,.,R,40,R,60,1,1,0,0,0,0,0,1,130,1,130,1,130,1,130
116,106412,0,1,0,0,0,0,0,1,2,0,-2,1,0,1,1,1,0,1,0,1,0,0,1,0,0,1,1,1,1,1,1,1,-2,-2,2,0,0,0,0,0,0,0,0,1,0,1,1,1,1,0,1,0,1,0,1,1,0,0,0,1,0,0,1,1,0,1,0,0,-2,1,1,1,1,0,1,1,1,1,1,1,0,1,0,0,1,0,1,1,0,0,1,1,0,1,1,1,1,0,2,2,R,6.00 ,2,1,1,R,1420,1,R,20,R,4600,R,4266,A,.,R,30,R,45,1,1,0,0,0,0,0,1,133,1,133,1,133,1,133
117,106449,1,1,-2,1,1,0,1,1,2,0,-2,1,1,1,1,1,0,0,0,0,0,0,0,0,0,1,1,1,2,1,1,2,-2,-2,1,1,1,1,1,1,1,0,1,0,0,1,1,0,1,0,1,1,1,0,1,1,0,0,0,0,0,0,0,0,0,0,0,0,-2,1,1,1,0,0,1,1,1,1,1,1,0,1,0,0,1,0,2,1,1,0,-2,-2,-2,1,1,1,-2,0,2,1,A,. ,2,1,1,R,248,1,R,17,A,.,A,.,R,6200,R,0,A,.,2,0,0,0,0,0,0,2,-2,2,-2,2,-2,2,-2
118,106458,1,1,0,1,1,0,0,1,2,0,-2,1,0,1,1,1,0,1,1,1,1,0,1,1,0,1,1,1,1,1,1,1,1,2,2,0,0,0,0,0,0,1,1,0,1,1,1,1,1,0,1,0,1,0,1,1,0,0,0,1,1,1,1,1,0,1,0,0,-2,1,1,1,1,0,1,1,1,1,1,1,0,1,0,0,1,0,2,1,1,0,1,1,0,1,1,1,1,0,2,2,R,7.88 ,2,1,1,R,3200,2,A,.,A,.,A,.,R,10100,R,30,R,30,1,1,0,0,0,0,0,1,134,1,134,1,134,1,134
119,106467,1,1,0,0,1,0,1,1,2,0,-2,1,1,1,1,1,1,1,1,1,1,0,1,0,0,1,1,1,1,1,1,1,-2,-2,2,1,0,0,0,0,0,0,0,0,0,1,1,1,1,0,1,1,1,0,1,1,0,0,0,1,1,1,1,0,0,1,0,0,-2,1,1,1,0,0,1,1,1,1,1,1,0,1,0,0,1,0,2,1,1,0,1,1,0,1,1,1,1,0,2,2,R,3.53 ,2,1,1,R,2132,2,A,.,R,4990,R,4317,A,.,R,0,R,40,1,1,0,0,0,0,0,1,367,1,367,1,367,1,367
120,106485,1,1,0,1,1,0,0,1,2,0,-2,1,1,1,1,1,1,1,1,1,0,0,0,0,0,1,1,1,1,1,1,1,-2,-2,1,1,0,0,0,0,0,0,0,0,0,1,1,1,1,0,1,1,1,0,0,0,0,0,0,1,1,1,1,1,0,1,0,0,-2,1,1,1,0,0,1,1,1,1,1,1,0,1,0,0,1,0,2,1,1,0,1,1,0,1,1,1,1,0,2,1,A,. ,2,1,1,R,680,1,R,19,R,3670,R,3690,A,.,R,0,R,0,1,1,0,0,0,0,0,1,367,1,367,1,367,1,367
121,106494,1,0,-2,0,0,0,0,2,-2,-2,-2,1,0,1,1,0,0,-2,-2,-2,-2,0,-2,-2,-2,7,1,1,-2,2,2,-2,-2,-2,1,0,0,0,0,0,0,0,0,1,0,0,0,0,0,1,0,0,0,1,0,0,0,0,0,0,0,0,-2,-2,-2,-2,0,1,-2,0,0,1,0,0,1,1,1,0,0,0,0,1,0,0,1,0,2,0,0,1,-2,-2,-2,0,0,0,-2,1,2,1,A,. ,2,-2,2,A,.,3,A,.,A,.,A,.,A,.,R,0,A,.,-2,-2,-2,-2,-2,-2,-2,-2,-2,-2,-2,-2,-2,-2,-2
122,106546,1,1,-2,0,0,0,0,4,-2,-2,54,1,0,1,1,1,1,0,0,0,0,0,0,0,0,1,1,1,-2,1,2,-2,-2,-2,2,0,0,0,0,0,0,0,0,1,0,0,1,0,1,0,1,1,1,0,0,0,0,0,0,0,0,0,0,0,0,0,0,1,-2,1,0,0,0,0,1,1,1,1,1,1,0,1,0,0,1,0,2,1,0,0,-2,-2,-2,1,0,1,-2,0,2,2,R,9.76 ,2,2,2,A,.,3,A,.,A,.,A,.,A,.,R,0,A,.,2,0,0,0,0,0,0,2,-2,2,-2,2,-2,2,-2
123,106625,1,1,-2,0,0,0,1,1,2,0,-2,1,1,1,1,1,0,0,0,0,0,0,0,0,0,1,1,1,2,1,1,2,-2,-2,1,1,0,0,1,1,1,1,0,0,0,1,0,0,0,0,1,0,1,0,0,0,0,0,0,0,1,0,0,0,0,0,0,0,-2,1,1,1,0,0,1,1,1,1,1,1,0,1,0,0,1,0,2,1,1,0,-2,-2,-2,1,1,1,-2,0,2,1,A,. ,2,1,2,A,.,3,A,.,A,.,A,.,A,.,R,0,A,.,2,0,0,0,0,0,0,2,-2,2,-2,2,-2,2,-2
124,106704,1,1,1,0,0,0,0,1,2,0,-2,1,0,1,0,1,0,1,1,1,1,0,1,1,0,1,1,1,1,1,1,1,1,2,2,1,1,1,0,0,0,1,1,0,0,1,1,1,1,0,1,1,1,0,1,1,0,0,0,1,0,0,1,1,0,1,0,0,-2,1,1,1,0,0,1,1,1,1,1,1,0,1,0,0,1,0,2,1,1,0,1,1,0,1,1,1,1,0,2,2,R,9.01 ,2,1,1,R,3598,2,A,.,R,4500,R,3750,A,.,R,25,R,45,1,1,0,0,0,0,0,1,135,1,135,1,135,1,135
125,106713,0,1,0,0,0,0,0,4,-2,-2,54,0,0,0,0,1,0,1,0,0,0,0,0,0,0,1,1,1,2,1,1,2,-2,-2,2,0,0,0,0,0,0,0,0,1,1,1,1,0,0,0,1,1,1,0,1,1,0,0,0,0,1,0,1,0,0,1,1,0,-2,1,0,0,0,0,1,1,1,1,1,1,0,1,0,0,1,0,2,1,1,0,-2,-2,-2,1,1,1,-2,0,2,2,R,4.00 ,2,2,1,R,192,1,R,19,A,.,A,.,R,7500,R,25,A,.,1,0,1,0,0,1,0,2,-2,1,319,1,319,1,319
126,106795,1,1,-2,0,1,0,1,1,2,9,-2,1,1,1,1,1,0,0,0,0,0,0,0,0,0,1,1,1,2,1,1,2,-2,-2,1,1,1,1,0,0,1,0,0,0,0,1,1,0,1,0,1,1,1,0,0,0,0,0,0,0,0,0,0,0,0,0,0,1,-2,1,1,1,0,0,1,1,1,1,1,1,0,1,0,0,1,0,2,1,0,0,-2,-2,-2,1,0,1,-2,0,2,2,R,3.91 ,2,1,2,A,.,3,A,.,A,.,A,.,A,.,R,0,A,.,1,0,0,1,0,0,0,2,-2,2,-2,2,-2,2,-2
127,106810,0,1,0,0,0,0,0,4,-2,-2,74,0,0,0,0,1,0,1,0,0,0,0,0,0,0,1,1,1,2,1,2,2,-2,-2,1,0,0,0,0,0,0,0,0,1,0,0,1,0,1,0,1,0,1,0,0,0,0,0,0,0,0,0,1,1,0,1,0,0,-2,1,0,0,0,0,1,1,1,1,1,1,0,1,0,0,1,0,2,1,0,0,-2,-2,-2,1,0,1,-2,0,2,1,A,. ,2,2,1,R,152,1,R,20,R,3100,R,3800,A,.,R,0,A,.,1,0,1,0,0,0,0,2,-2,1,377,1,377,1,377
128,106883,1,1,-2,1,1,0,0,1,2,0,-2,1,1,1,1,1,0,0,0,0,0,0,0,0,0,1,1,1,2,1,1,2,-2,-2,1,1,1,1,1,1,1,0,0,0,0,1,1,0,1,0,1,1,1,0,0,0,0,0,0,0,1,0,0,0,0,0,0,0,-2,1,1,1,0,0,1,1,1,1,1,1,0,1,0,0,1,0,2,1,1,0,-2,-2,-2,1,1,1,-2,0,2,1,A,. ,2,1,2,A,.,3,A,.,A,.,A,.,A,.,R,0,A,.,2,0,0,0,0,0,0,2,-2,2,-2,2,-2,2,-2
129,106892,1,0,-2,0,0,0,0,2,-2,-2,-2,1,0,1,0,0,0,-2,-2,-2,-2,0,-2,-2,-2,7,1,1,-2,2,2,-2,-2,-2,1,0,0,0,0,0,0,0,0,1,0,0,0,0,0,1,0,0,0,1,0,0,0,0,0,0,0,0,-2,-2,-2,-2,0,1,-2,1,0,1,0,0,1,1,1,0,1,0,0,2,0,0,0,0,2,0,0,1,-2,-2,-2,0,0,0,-2,1,2,1,A,. ,2,-2,2,A,.,3,A,.,A,.,A,.,A,.,R,100,A,.,-2,-2,-2,-2,-2,-2,-2,-2,-2,-2,-2,-2,-2,-2,-2
130,106908,1,0,-2,0,0,0,0,2,-2,-2,-2,1,0,1,1,0,0,-2,-2,-2,-2,0,-2,-2,-2,7,1,1,-2,1,1,-2,-2,-2,1,0,0,0,0,0,0,0,0,1,0,0,0,0,0,1,0,0,0,1,0,0,0,0,0,0,0,0,-2,-2,-2,-2,0,1,-2,1,0,1,0,0,0,0,1,0,0,0,0,1,1,0,1,0,2,0,0,1,-2,-2,-2,0,0,0,-2,1,2,1,A,. ,2,-2,2,A,.,3,A,.,A,.,A,.,A,.,R,50,A,.,-2,-2,-2,-2,-2,-2,-2,-2,-2,-2,-2,-2,-2,-2,-2
131,106980,1,1,-2,0,0,0,1,1,2,0,-2,1,1,1,1,1,0,0,0,0,0,0,0,0,0,1,1,1,2,1,1,2,-2,-2,1,1,1,1,1,1,1,1,1,0,0,1,1,0,1,0,1,1,1,0,0,0,0,0,0,0,1,0,0,0,0,0,0,0,-2,1,1,1,0,0,1,1,1,1,1,1,0,1,0,0,1,0,2,1,1,0,-2,-2,-2,1,1,1,-2,0,2,1,A,. ,2,1,1,R,180,2,A,.,R,4572,R,1000,A,.,R,0,A,.,1,0,0,1,0,0,0,2,-2,2,-2,2,-2,2,-2
132,106999,1,1,-2,1,1,0,0,1,2,9,-2,1,1,1,1,1,0,0,0,0,0,0,0,0,0,1,1,1,2,1,1,2,-2,-2,1,1,1,1,1,0,0,1,1,0,0,1,1,0,1,0,1,1,1,0,0,0,0,0,0,0,0,0,0,0,0,0,0,1,-2,1,1,0,0,0,1,1,1,1,1,1,0,1,0,0,1,0,2,1,1,0,-2,-2,-2,1,1,1,-2,0,2,1,A,. ,2,1,2,A,.,3,A,.,A,.,A,.,A,.,R,0,A,.,2,0,0,0,0,0,0,2,-2,2,-2,2,-2,2,-2
133,107044,0,1,0,0,0,0,0,4,-2,-2,74,0,0,0,0,0,0,1,0,1,1,0,1,1,0,1,1,1,1,1,1,1,1,1,2,0,0,0,0,0,0,0,0,1,1,1,1,1,0,0,1,0,1,0,1,1,0,0,0,1,1,0,1,1,0,1,0,0,-2,1,1,1,0,0,1,1,1,1,1,1,0,1,0,1,1,0,2,1,0,0,1,1,0,1,1,1,1,0,2,2,R,11.69 ,2,2,1,R,2818,1,R,21,R,4208,R,4818,A,.,R,50,R,45,1,1,0,0,0,0,0,1,367,1,367,1,367,1,367
134,107071,0,1,0,0,0,0,0,1,2,0,-2,1,1,1,0,1,0,1,1,1,1,0,0,0,0,1,1,1,1,1,1,1,-2,-2,2,0,0,0,0,0,0,0,0,1,0,0,1,0,1,0,1,0,1,0,1,1,0,0,0,1,0,0,1,1,0,1,0,0,-2,1,0,0,0,0,1,1,1,1,1,1,0,1,0,0,1,0,2,1,1,0,1,1,0,1,1,1,1,0,2,1,A,. ,2,1,1,R,2061,2,A,.,R,4700,R,3600,A,.,R,0,R,25,1,1,0,0,0,0,0,1,367,1,367,1,367,1,367
135,107080,0,1,0,0,0,0,0,4,-2,-2,71,0,0,0,0,0,0,1,0,1,0,0,0,0,0,1,1,1,1,1,2,1,-2,-2,2,0,0,0,0,0,0,0,0,1,0,0,0,0,0,1,1,0,1,0,1,1,0,0,0,1,0,0,0,0,0,0,0,0,-2,1,1,1,0,0,1,1,1,1,1,1,0,1,0,0,1,1,2,0,0,1,0,0,1,0,0,0,0,1,2,2,R,13.31 ,2,2,1,R,1258,1,R,28,R,6900,R,6700,A,.,R,0,R,0,1,1,0,0,0,0,0,1,368,1,368,1,368,1,368
136,107099,0,1,-2,0,0,0,0,2,-2,-2,-2,1,0,1,1,0,0,-2,-2,-2,-2,0,-2,-2,-2,7,1,1,-2,2,2,-2,-2,-2,1,0,0,0,0,0,0,0,0,1,1,0,0,1,0,0,0,0,0,1,0,0,0,0,0,0,0,0,-2,-2,-2,-2,0,1,-2,1,1,1,0,0,0,1,1,0,0,0,0,1,0,0,1,0,2,0,0,1,-2,-2,-2,0,0,0,-2,1,2,1,A,. ,2,-2,2,A,.,3,A,.,A,.,A,.,A,.,R,0,A,.,-2,-2,-2,-2,-2,-2,-2,-2,-2,-2,-2,-2,-2,-2,-2
137,107123,0,1,-2,0,0,0,0,3,-2,-2,-2,0,0,0,0,1,0,0,0,0,0,0,0,0,0,7,1,2,-2,2,2,-2,-2,-2,-2,0,0,0,0,0,0,0,0,1,1,0,0,0,0,0,0,0,1,0,0,0,0,0,0,0,0,0,0,0,0,0,0,1,-2,1,0,1,0,0,0,0,1,0,1,1,0,1,0,0,1,0,2,0,0,1,-2,-2,-2,0,0,0,-2,1,2,1,A,. ,-2,-2,2,A,.,3,A,.,A,.,A,.,A,.,R,35,A,.,2,0,0,0,0,0,0,2,-2,2,-2,2,-2,2,-2
138,107141,0,1,1,0,0,0,0,3,-2,-2,-2,0,0,0,0,1,0,1,0,1,0,0,0,0,0,1,1,1,1,1,1,1,-2,-2,2,0,0,1,0,0,0,0,0,0,1,1,1,0,1,0,1,1,1,0,1,1,0,0,1,1,0,0,1,1,0,1,0,0,-2,1,1,1,0,0,1,1,1,1,1,1,0,1,0,0,1,0,2,1,1,0,1,1,0,1,1,1,1,0,2,2,R,6.58 ,2,2,1,R,1143,1,R,21,A,.,A,.,R,9520,R,25,R,35,1,0,1,0,0,0,0,2,-2,1,340,2,-2,1,340
139,107220,1,0,-2,0,0,0,0,2,-2,-2,-2,1,0,1,1,0,0,-2,-2,-2,-2,0,-2,-2,-2,7,1,1,-2,2,2,-2,-2,-2,1,0,0,0,0,0,0,0,0,1,0,0,0,0,0,1,0,0,0,1,0,0,0,0,0,0,0,0,-2,-2,-2,-2,0,1,-2,1,0,1,0,0,1,1,1,0,0,0,0,1,0,0,1,0,2,0,0,1,-2,-2,-2,0,0,0,-2,1,2,1,A,. ,2,-2,2,A,.,3,A,.,A,.,A,.,A,.,R,0,A,.,-2,-2,-2,-2,-2,-2,-2,-2,-2,-2,-2,-2,-2,-2,-2
140,107293,1,0,-2,0,0,0,0,2,-2,-2,-2,1,0,1,1,0,0,-2,-2,-2,-2,0,-2,-2,-2,7,1,1,-2,2,2,-2,-2,-2,1,0,0,0,0,0,0,0,0,1,1,0,0,0,0,0,0,0,0,1,0,0,0,0,0,0,0,0,-2,-2,-2,-2,0,1,-2,1,0,1,0,0,1,0,1,0,0,0,0,1,0,0,1,0,2,0,0,1,-2,-2,-2,0,0,0,-2,1,2,1,A,. ,2,-2,2,A,.,3,A,.,A,.,A,.,A,.,R,100,A,.,-2,-2,-2,-2,-2,-2,-2,-2,-2,-2,-2,-2,-2,-2,-2
141,107318,1,1,-2,1,1,1,1,1,2,0,-2,1,1,1,1,1,0,0,0,0,0,0,0,0,0,1,1,1,2,1,1,2,-2,-2,1,1,1,0,1,0,1,0,1,0,1,1,0,0,0,0,1,1,1,0,0,0,0,0,0,0,0,0,0,0,0,0,0,1,-2,1,1,0,0,0,1,1,1,1,1,1,0,1,0,0,1,0,2,1,1,0,-2,-2,-2,1,1,1,-2,0,2,1,A,. ,2,1,2,A,.,3,A,.,A,.,A,.,A,.,R,0,A,.,1,0,0,1,0,0,0,2,-2,2,-2,2,-2,2,-2
142,107327,1,1,-2,1,1,1,0,1,2,0,-2,1,1,1,1,1,0,0,0,0,0,0,0,0,0,1,1,1,2,1,1,2,-2,-2,1,1,1,1,1,1,1,1,1,0,0,1,1,0,1,0,1,1,1,0,0,0,0,0,0,0,0,0,0,0,0,0,0,1,-2,1,1,1,1,0,1,1,1,1,1,1,0,1,0,0,1,0,2,1,1,0,-2,-2,-2,1,1,1,-2,0,2,1,A,. ,2,1,2,A,.,3,A,.,A,.,A,.,A,.,R,0,A,.,2,0,0,0,0,0,0,2,-2,2,-2,2,-2,2,-2
143,107442,1,0,-2,0,0,0,0,2,-2,-2,-2,1,0,1,1,0,0,-2,-2,-2,-2,0,-2,-2,-2,7,1,1,-2,2,2,-2,-2,-2,1,0,0,0,0,0,0,0,0,1,0,0,0,0,0,1,0,0,0,1,0,0,0,0,0,0,0,0,-2,-2,-2,-2,0,1,-2,1,1,1,0,0,1,1,1,0,1,0,0,1,0,0,1,0,2,0,0,1,-2,-2,-2,0,0,0,-2,1,2,1,A,. ,2,-2,2,A,.,3,A,.,A,.,A,.,A,.,R,0,A,.,-2,-2,-2,-2,-2,-2,-2,-2,-2,-2,-2,-2,-2,-2,-2
144,107460,1,1,-2,1,1,0,0,1,2,0,-2,1,1,1,1,1,0,0,0,0,0,0,0,0,0,1,1,1,2,1,1,2,-2,-2,1,1,1,1,1,1,1,1,0,0,0,1,1,1,1,0,1,1,1,0,0,0,0,0,0,1,0,0,0,0,0,0,0,0,-2,1,1,1,0,0,1,1,1,1,1,1,0,1,0,0,1,0,2,1,1,0,-2,-2,-2,1,1,1,-2,0,2,2,R,3.56 ,2,1,1,R,64,3,A,.,R,4500,A,.,A,.,R,0,A,.,1,0,0,1,0,0,0,2,-2,2,-2,2,-2,2,-2
145,107488,1,1,-2,0,0,0,0,1,2,0,-2,0,0,0,1,0,0,-2,-2,-2,-2,0,-2,-2,-2,1,1,1,-2,1,2,-2,-2,-2,1,1,1,0,0,1,1,1,0,0,0,1,1,0,0,0,1,0,1,0,0,0,0,0,0,0,0,0,-2,-2,-2,-2,0,1,-2,1,0,0,0,0,0,0,0,1,1,0,0,2,0,0,0,0,2,0,0,1,-2,-2,-2,0,0,0,-2,1,2,1,A,. ,2,2,2,A,.,3,A,.,A,.,A,.,A,.,R,10,A,.,-2,-2,-2,-2,-2,-2,-2,-2,-2,-2,-2,-2,-2,-2,-2
146,107512,0,1,1,0,0,0,0,4,-2,-2,75,0,0,0,0,1,0,1,1,1,0,0,0,0,0,1,1,1,1,1,1,1,-2,-2,2,0,0,1,0,0,0,0,0,0,1,0,1,0,0,0,1,0,1,0,1,1,0,0,0,1,0,1,1,0,0,1,0,0,-2,1,0,1,0,0,1,1,1,1,1,1,0,1,0,0,1,0,1,1,1,0,1,1,0,1,1,1,1,0,2,2,R,5.20 ,2,2,1,R,1572,1,R,21,R,4520,R,4280,A,.,R,0,R,40,1,1,0,0,0,0,0,1,367,1,367,1,367,1,367
147,107521,1,1,-2,1,1,1,0,1,2,0,-2,1,1,1,1,1,0,0,0,0,0,0,0,0,0,1,1,1,2,1,1,2,-2,-2,1,1,1,1,1,1,1,1,0,0,0,1,1,0,1,0,1,1,1,0,0,0,0,0,0,0,1,0,0,0,0,0,0,0,-2,1,1,1,0,0,1,1,1,1,1,1,0,1,0,0,1,0,2,1,1,0,-2,-2,-2,1,1,1,-2,0,2,1,A,. ,2,1,2,A,.,3,A,.,A,.,A,.,A,.,R,0,A,.,2,0,0,0,0,0,0,2,-2,2,-2,2,-2,2,-2
148,107549,1,1,-2,0,1,0,1,1,2,0,-2,1,1,1,1,1,0,0,0,0,0,0,0,0,0,1,1,1,2,1,1,2,-2,-2,1,1,1,1,0,1,1,0,1,0,1,1,1,0,1,0,1,1,1,0,0,0,0,0,0,0,1,0,0,0,0,0,0,0,-2,1,1,0,0,0,1,1,1,1,1,1,0,1,0,0,1,0,2,1,1,0,-2,-2,-2,1,1,1,-2,0,2,1,A,. ,2,1,1,R,16,3,A,.,R,3600,A,.,A,.,R,0,A,.,2,0,0,0,0,0,0,2,-2,2,-2,2,-2,2,-2
149,107558,0,1,0,0,0,0,0,4,-2,-2,66,0,0,0,0,0,0,1,0,0,0,0,0,0,0,1,1,1,2,1,1,2,-2,-2,2,0,0,0,0,0,0,0,0,1,1,0,1,0,1,0,1,0,1,0,1,1,0,0,0,1,0,0,1,1,0,1,0,0,-2,1,1,1,0,0,1,1,1,1,1,1,0,1,0,0,1,0,2,1,0,0,-2,-2,-2,1,0,1,-2,0,2,2,R,7.14 ,2,2,1,R,632,2,A,.,R,3800,R,4558,A,.,R,0,A,.,1,1,0,0,0,0,0,2,-2,1,204,1,204,1,204
150,107585,1,1,-2,0,0,0,1,1,2,0,-2,1,1,1,1,1,0,0,0,0,0,0,0,0,0,1,1,1,2,1,1,2,-2,-2,2,1,1,0,1,1,1,1,0,0,0,1,1,0,0,0,1,1,1,0,0,0,0,0,0,0,0,0,0,0,0,0,0,1,-2,1,1,1,1,0,1,1,1,1,1,1,0,1,0,0,1,0,2,1,0,0,-2,-2,-2,1,0,1,-2,0,2,2,R,3.94 ,2,1,2,A,.,3,A,.,A,.,A,.,A,.,R,0,A,.,2,0,0,0,0,0,0,2,-2,2,-2,2,-2,2,-2
151,107600,0,1,0,0,0,0,0,4,-2,-2,71,0,0,0,0,0,0,1,0,0,0,0,0,0,0,1,1,1,2,1,2,2,-2,-2,1,0,0,0,0,0,0,0,0,1,0,1,1,0,0,0,1,1,1,0,1,1,0,0,0,1,1,0,1,1,0,1,0,0,-2,1,1,1,0,0,1,1,1,1,1,1,0,1,0,0,1,0,2,1,1,0,-2,-2,-2,1,1,1,-2,0,2,2,R,6.00 ,2,2,1,R,522,1,R,19,R,5192,R,3058,A,.,R,25,A,.,1,0,1,0,0,0,0,2,-2,1,337,1,337,1,337
152,107619,1,1,-2,1,1,1,1,1,2,0,-2,1,0,1,1,1,0,0,0,0,0,0,0,0,0,1,1,1,2,1,1,2,-2,-2,1,1,1,1,1,1,1,1,1,0,0,1,1,0,1,0,1,1,1,0,0,0,0,0,0,0,1,0,0,0,0,0,0,0,-2,1,1,1,0,0,1,1,1,1,1,1,0,1,0,0,1,0,2,1,1,0,-2,-2,-2,1,1,1,-2,0,2,1,A,. ,2,1,2,A,.,3,A,.,A,.,A,.,A,.,R,0,A,.,2,0,0,0,0,0,0,2,-2,2,-2,2,-2,2,-2
153,107637,1,1,-2,0,1,0,0,1,2,0,-2,1,1,1,1,1,0,0,0,0,0,0,0,0,0,1,1,1,2,1,1,2,-2,-2,1,1,0,0,0,0,0,0,0,0,0,1,1,1,1,0,1,1,1,0,0,0,0,0,0,0,1,0,0,0,0,0,0,0,-2,1,1,0,0,0,1,1,1,1,1,1,0,1,0,0,1,0,2,1,1,0,-2,-2,-2,1,1,1,-2,0,2,1,A,. ,2,1,2,A,.,3,A,.,A,.,A,.,A,.,R,0,A,.,2,0,0,0,0,0,0,2,-2,2,-2,2,-2,2,-2
154,107655,1,0,-2,0,0,0,0,2,-2,-2,-2,1,0,1,1,0,0,-2,-2,-2,-2,0,-2,-2,-2,7,1,1,-2,2,2,-2,-2,-2,1,0,0,0,0,0,0,0,0,1,1,0,0,0,0,0,0,0,0,1,0,0,0,0,0,0,0,0,-2,-2,-2,-2,0,1,-2,0,0,1,0,0,1,1,1,0,0,0,0,1,1,0,1,0,2,0,0,1,-2,-2,-2,0,0,0,-2,1,2,1,A,. ,2,-2,2,A,.,3,A,.,A,.,A,.,A,.,R,100,A,.,-2,-2,-2,-2,-2,-2,-2,-2,-2,-2,-2,-2,-2,-2,-2
155,107664,1,1,-2,1,1,0,0,1,2,9,-2,1,1,1,1,1,1,0,0,0,0,0,0,0,0,1,1,1,2,1,1,2,-2,-2,1,1,1,1,1,1,1,1,1,0,0,1,1,0,0,0,1,0,1,0,0,0,0,0,0,0,1,0,0,0,0,0,0,0,-2,1,1,1,0,0,1,1,1,1,1,1,0,1,0,0,1,0,1,1,1,0,-2,-2,-2,1,1,1,-2,0,2,2,R,3.44 ,2,1,2,A,.,3,A,.,A,.,A,.,A,.,R,0,A,.,2,0,0,0,0,0,0,2,-2,2,-2,2,-2,2,-2
156,107725,1,1,-2,1,1,0,0,1,2,0,-2,1,1,1,1,1,0,0,0,0,0,0,0,0,0,1,1,1,2,1,1,2,-2,-2,1,1,1,1,1,1,1,1,1,0,0,1,0,0,0,0,1,1,1,0,0,0,0,0,0,0,1,0,0,0,0,0,0,0,-2,1,1,1,0,0,1,1,1,1,1,1,0,1,0,0,1,0,2,1,1,0,-2,-2,-2,1,1,1,-2,0,2,1,A,. ,2,1,2,A,.,3,A,.,A,.,A,.,A,.,R,0,A,.,2,0,0,0,0,0,0,2,-2,2,-2,2,-2,2,-2
157,107743,1,1,-2,0,0,0,0,1,2,0,-2,1,1,1,1,1,0,0,0,0,0,0,0,0,0,1,1,1,2,1,1,2,-2,-2,1,1,1,1,1,1,1,1,0,0,0,1,1,1,0,0,1,0,1,0,0,0,0,0,0,0,0,0,0,0,0,0,0,1,-2,1,1,0,0,0,1,1,1,1,1,1,0,1,0,0,1,0,2,1,0,0,-2,-2,-2,1,0,1,-2,0,2,1,A,. ,2,1,1,R,153,1,R,19,R,5200,R,3750,A,.,R,0,A,.,1,0,0,1,0,0,0,2,-2,2,-2,2,-2,2,-2
158,107789,1,1,-2,0,0,0,0,2,-2,-2,-2,0,0,0,1,0,0,-2,-2,-2,-2,0,-2,-2,-2,6,1,1,-2,2,2,-2,-2,-2,1,0,0,0,0,0,0,0,0,1,1,0,0,0,0,0,0,0,0,1,0,0,0,0,0,0,1,0,-2,-2,-2,-2,0,0,-2,1,0,1,0,0,0,1,1,0,0,0,0,1,0,0,1,0,2,0,0,1,-2,-2,-2,0,0,0,-2,1,2,1,A,. ,2,-2,2,A,.,3,A,.,A,.,A,.,A,.,R,25,A,.,-2,-2,-2,-2,-2,-2,-2,-2,-2,-2,-2,-2,-2,-2,-2
159,107831,1,0,-2,0,0,0,0,2,-2,-2,-2,1,0,1,1,0,0,-2,-2,-2,-2,0,-2,-2,-2,6,1,1,-2,2,2,-2,-2,-2,1,0,0,0,0,0,0,0,0,1,1,0,0,0,0,0,0,0,0,1,0,0,0,0,0,0,0,0,-2,-2,-2,-2,0,1,-2,1,0,1,0,0,1,1,1,1,0,0,0,1,0,0,1,0,2,0,0,1,-2,-2,-2,0,0,0,-2,1,2,1,A,. ,2,-2,2,A,.,3,A,.,A,.,A,.,A,.,R,0,A,.,-2,-2,-2,-2,-2,-2,-2,-2,-2,-2,-2,-2,-2,-2,-2
160,107840,0,1,-2,0,0,0,0,4,-2,-2,51,0,0,0,0,1,0,0,0,0,0,0,0,0,0,1,1,1,-2,1,1,-2,-2,-2,1,0,0,0,0,0,0,0,0,1,0,0,0,0,0,1,1,0,0,0,0,0,0,0,0,0,0,0,0,0,0,0,0,1,-2,1,1,1,1,0,1,1,1,1,1,1,0,1,0,0,1,0,2,1,0,0,-2,-2,-2,1,0,1,-2,0,2,2,R,5.00 ,2,2,2,A,.,3,A,.,A,.,A,.,A,.,R,0,A,.,1,0,0,1,0,0,0,2,-2,2,-2,2,-2,2,-2
161,107877,0,1,0,0,0,0,0,4,-2,-2,75,0,0,0,0,1,0,1,0,1,0,0,0,0,0,1,1,1,2,1,1,1,-2,-2,2,0,0,0,0,0,0,0,0,1,1,1,0,0,1,0,1,1,1,0,0,0,0,0,0,1,0,0,1,0,0,1,0,0,-2,1,0,0,0,0,1,1,1,1,1,1,0,1,0,0,1,0,2,1,1,0,1,1,0,1,1,1,1,0,2,1,A,. ,2,2,1,R,475,2,A,.,A,.,A,.,R,8980,R,0,R,0,1,0,1,0,0,0,0,2,-2,1,319,1,319,1,319
162,107974,1,1,-2,0,0,1,1,1,2,0,-2,1,1,1,1,1,0,0,0,0,0,0,0,0,0,1,1,1,2,1,1,2,-2,-2,1,1,1,1,1,1,1,1,1,0,1,0,1,1,0,0,1,1,1,0,0,0,0,0,0,0,1,0,0,0,0,0,1,0,-2,1,0,0,0,0,1,1,1,1,1,1,0,1,0,0,1,0,2,1,1,0,-2,-2,-2,1,1,1,-2,0,2,1,A,. ,2,1,2,A,.,3,A,.,A,.,A,.,A,.,R,0,A,.,1,0,0,1,0,0,0,2,-2,2,-2,2,-2,2,-2
163,107983,1,1,1,0,0,0,0,1,2,0,-2,1,0,1,0,1,0,1,1,1,0,0,1,0,0,1,1,1,1,1,1,1,-2,-2,2,0,0,1,0,0,0,1,0,0,0,1,1,0,1,0,1,0,1,0,0,0,0,0,0,0,0,0,1,0,0,1,0,0,-2,1,1,1,0,0,1,1,1,1,1,1,0,1,0,0,1,0,2,1,1,0,1,1,0,1,1,1,1,0,2,1,A,. ,2,1,1,R,2024,2,A,.,R,4340,R,3568,A,.,R,0,R,25,1,1,0,0,0,0,0,1,367,1,367,1,367,1,367
164,107992,1,1,-2,0,1,0,0,1,2,0,-2,1,1,1,1,1,0,0,0,0,0,0,0,0,0,1,1,1,2,1,1,2,-2,-2,1,1,0,0,0,1,1,1,0,0,1,1,1,1,0,0,1,1,1,0,0,0,0,0,0,0,1,0,1,1,1,0,0,0,-2,1,1,1,0,0,1,1,1,1,1,1,0,1,0,0,1,0,2,1,1,0,-2,-2,-2,1,1,1,-2,0,2,1,A,. ,2,1,1,R,190,1,R,13,R,3000,R,1792,A,.,R,0,A,.,1,0,0,1,0,0,0,2,-2,2,-2,2,-2,2,-2
165,108056,0,1,0,0,0,0,0,1,2,0,-2,0,0,0,0,1,0,1,1,1,0,0,1,1,0,-2,-2,-2,-2,-2,-2,-2,-2,-2,-2,-2,-2,-2,-2,-2,-2,-2,-2,-2,-2,-2,-2,-2,-2,-2,-2,-2,-2,-2,-2,-2,-2,-2,-2,-2,-2,-2,-2,-2,-2,-2,-2,-2,-2,-2,-2,-2,-2,-2,-2,-2,-2,-2,-2,-2,-2,-2,-2,-2,-2,-2,-2,-2,-2,-2,-2,-2,-2,-2,-2,-2,-2,-2,-2,-2,A,. ,-2,-2,-2,A,.,-2,A,.,A,.,A,.,A,.,A,.,A,.,-2,-2,-2,-2,-2,-2,-2,-2,-2,-2,-2,-2,-2,-2,-2
166,108065,1,1,-2,0,0,0,0,2,-2,-2,-2,1,0,1,1,0,0,-2,-2,-2,-2,0,-2,-2,-2,6,1,1,-2,1,1,-2,-2,-2,1,0,0,1,0,0,0,0,1,0,0,0,0,1,1,0,0,0,0,1,0,0,0,0,0,0,1,0,-2,-2,-2,-2,1,0,-2,1,1,1,0,0,0,1,1,0,0,0,0,1,0,0,1,0,2,0,0,1,-2,-2,-2,0,0,0,-2,1,2,1,A,. ,2,-2,2,A,.,3,A,.,A,.,A,.,A,.,R,100,A,.,-2,-2,-2,-2,-2,-2,-2,-2,-2,-2,-2,-2,-2,-2,-2
167,108092,1,1,0,0,0,0,1,1,2,0,-2,1,1,1,1,1,0,1,0,1,0,0,0,0,0,1,1,1,1,1,1,1,-2,-2,1,1,1,0,0,0,0,0,0,0,0,1,1,1,1,0,1,1,1,0,1,1,0,0,1,1,1,0,1,1,0,1,0,0,-2,1,1,1,0,0,1,1,1,1,1,1,0,1,1,0,1,0,2,1,1,0,1,1,0,1,1,1,1,0,2,2,R,5.21 ,2,1,1,R,914,2,A,.,R,5390,R,3850,A,.,R,0,R,50,1,1,0,0,0,0,0,2,-2,1,147,1,147,1,147
168,108232,0,1,0,0,0,0,0,2,-2,-2,-2,1,0,1,0,1,1,1,1,1,0,0,0,0,0,1,1,1,1,1,1,1,-2,-2,1,0,0,0,1,0,0,1,0,0,1,1,1,1,1,0,0,0,0,1,1,1,0,0,0,1,1,0,1,1,0,1,0,0,-2,1,1,0,0,0,1,1,1,1,1,1,0,1,0,0,1,0,2,1,1,0,1,1,0,1,1,1,1,0,2,1,A,. ,2,2,1,R,1497,1,R,19,R,12878,R,7402,A,.,R,50,R,50,1,1,0,0,0,0,0,2,-2,1,156,1,156,1,156
169,108269,0,1,0,0,0,0,0,3,-2,-2,-2,0,0,0,0,0,0,0,0,1,0,0,1,0,0,3,2,2,1,2,2,1,-2,-2,-2,0,0,0,0,0,0,0,0,1,1,0,0,0,0,0,0,0,0,1,0,0,0,0,0,0,1,0,0,0,0,0,0,0,-2,1,1,0,0,0,1,1,1,1,1,1,0,1,0,0,1,0,2,-2,-2,-2,0,0,1,0,0,-2,0,1,2,-2,A,. ,-2,2,2,A,.,3,A,.,A,.,A,.,A,.,A,.,R,100,2,0,0,0,0,0,0,2,-2,2,-2,2,-2,2,-2
170,108667,1,1,-2,1,1,1,0,1,2,0,-2,1,1,1,1,1,0,0,0,0,0,0,0,0,0,1,1,1,2,1,1,2,-2,-2,1,1,0,0,0,0,0,1,0,0,0,1,1,1,1,0,1,1,1,0,0,0,0,0,0,1,1,0,0,0,0,0,0,0,-2,1,1,1,0,0,1,1,1,1,1,1,0,1,0,0,1,0,1,1,0,0,-2,-2,-2,1,0,1,-2,0,2,2,R,4.00 ,2,1,2,A,.,3,A,.,A,.,A,.,A,.,R,0,A,.,2,0,0,0,0,0,0,2,-2,2,-2,2,-2,2,-2
171,108807,1,1,-2,1,1,0,0,1,4,0,-2,1,1,1,1,1,1,0,0,0,0,0,0,0,0,1,1,1,2,1,1,2,-2,-2,1,1,1,1,0,1,1,1,0,0,1,1,1,1,0,0,1,0,1,0,0,0,0,0,0,0,1,0,0,0,0,0,0,0,-2,1,1,1,1,0,1,1,1,1,1,1,0,1,0,0,1,0,1,1,1,0,-2,-2,-2,1,1,1,-2,0,2,2,R,4.00 ,2,1,2,A,.,3,A,.,A,.,A,.,A,.,R,0,A,.,2,0,0,0,0,0,0,2,-2,2,-2,2,-2,2,-2
172,108852,0,1,-2,0,0,0,0,3,-2,-2,-2,1,0,1,0,1,0,0,0,0,0,0,0,0,0,1,1,1,-2,2,2,-2,-2,-2,2,0,0,0,0,0,0,0,0,1,1,0,1,0,0,0,1,0,1,0,0,0,0,0,0,0,0,0,0,0,0,0,0,1,-2,1,0,0,0,0,1,1,0,1,1,0,0,1,0,1,1,0,2,0,0,1,-2,-2,-2,0,0,0,-2,1,2,1,A,. ,2,2,1,R,153,3,A,.,R,12735,A,.,A,.,R,50,A,.,2,0,0,0,0,0,0,2,-2,2,-2,2,-2,2,-2
173,108861,0,1,1,0,0,0,0,4,-2,-2,52,0,0,0,0,0,1,0,0,1,1,0,0,0,1,1,1,1,1,1,1,1,-2,-2,2,0,0,0,0,0,0,0,0,1,1,0,1,0,0,0,0,0,0,1,0,0,0,0,0,0,1,0,0,0,0,0,0,0,4,1,0,0,0,0,0,1,1,0,0,1,0,1,1,0,1,0,2,1,1,0,1,1,0,1,1,1,1,0,2,1,A,. ,2,2,1,R,44,3,A,.,R,17100,A,.,A,.,R,40,R,40,2,0,0,0,0,0,0,2,-2,2,-2,2,-2,2,-2
174,108870,0,1,0,0,0,0,0,3,-2,-2,-2,0,0,0,0,0,0,0,1,1,0,0,0,0,0,1,2,2,1,2,2,1,-2,-2,-2,0,0,0,0,0,0,0,0,1,0,0,0,0,0,1,0,0,0,1,0,0,0,0,0,0,0,0,0,0,0,0,0,1,4,1,1,1,0,0,1,1,1,1,1,1,0,1,0,0,1,0,2,-2,-2,-2,1,0,0,1,0,-2,1,0,2,-2,A,. ,-2,2,2,A,.,3,A,.,A,.,A,.,A,.,A,.,R,110,2,0,0,0,0,0,0,2,-2,2,-2,2,-2,2,-2
175,108977,1,0,-2,0,0,0,0,2,-2,-2,-2,1,0,1,1,0,0,-2,-2,-2,-2,0,-2,-2,-2,7,1,1,-2,1,1,-2,-2,-2,1,0,0,0,0,0,0,0,0,1,1,0,0,0,0,0,0,0,0,1,0,0,0,0,0,0,1,0,-2,-2,-2,-2,0,0,-2,0,0,1,0,0,1,0,1,0,0,0,0,1,0,0,1,0,2,0,0,1,-2,-2,-2,0,0,0,-2,1,2,1,A,. ,2,-2,2,A,.,3,A,.,A,.,A,.,A,.,R,0,A,.,-2,-2,-2,-2,-2,-2,-2,-2,-2,-2,-2,-2,-2,-2,-2
176,109040,1,0,-2,0,0,0,0,2,-2,-2,-2,1,0,1,1,1,0,0,0,0,0,0,0,0,0,6,1,1,-2,2,2,-2,-2,-2,1,0,0,0,0,0,0,0,0,1,0,1,1,0,0,0,0,0,0,1,0,0,0,0,0,0,1,0,0,0,0,0,0,0,-2,1,1,1,0,0,0,0,1,1,1,0,0,1,0,0,1,0,2,1,0,0,-2,-2,-2,1,0,1,-2,0,2,1,A,. ,2,-2,2,A,.,3,A,.,A,.,A,.,A,.,R,60,A,.,2,0,0,0,0,0,0,2,-2,2,-2,2,-2,2,-2
177,109208,1,1,-2,1,1,0,0,1,8,2,-2,1,1,1,1,1,1,0,0,0,0,0,0,0,0,1,1,1,2,1,1,2,-2,-2,1,0,0,0,0,0,0,0,0,1,0,1,1,1,0,0,1,0,1,0,0,0,0,0,0,1,0,0,0,0,0,0,0,0,-2,1,1,1,1,0,1,1,1,1,1,1,0,2,0,0,0,0,1,1,1,0,-2,-2,-2,1,1,1,-2,0,2,1,A,. ,2,1,2,A,.,3,A,.,A,.,A,.,A,.,R,0,A,.,2,0,0,0,0,0,0,2,-2,2,-2,2,-2,2,-2
178,109350,1,1,0,1,1,1,0,1,4,0,-2,1,1,1,1,1,0,1,0,0,0,0,0,0,0,1,1,1,2,1,1,2,-2,-2,1,1,1,0,1,1,1,1,1,0,0,0,1,1,0,0,1,0,1,0,1,1,1,0,1,1,1,0,0,0,0,0,0,0,2,1,1,1,1,0,1,1,1,1,1,1,0,1,0,0,1,0,1,1,0,0,-2,-2,-2,1,0,1,-2,0,2,2,R,5.00 ,2,1,2,A,.,3,A,.,A,.,A,.,A,.,R,0,A,.,2,0,0,0,0,0,0,2,-2,2,-2,2,-2,2,-2
179,109651,0,1,0,0,0,0,0,3,-2,-2,-2,0,0,0,0,0,0,1,0,1,0,0,0,0,0,1,1,1,1,1,2,1,-2,-2,2,0,0,0,1,0,0,0,0,0,1,0,1,1,0,0,0,1,1,0,0,0,0,0,0,1,0,0,0,0,0,0,0,0,-2,1,1,1,0,0,1,1,1,1,1,1,0,2,0,0,0,0,1,1,0,0,1,1,0,1,1,1,1,0,2,2,R,10.00 ,2,2,2,A,.,3,A,.,A,.,A,.,A,.,R,50,R,50,2,0,0,0,0,0,0,2,-2,2,-2,2,-2,2,-2
180,109721,1,0,-2,0,0,0,0,2,-2,-2,-2,0,0,0,1,0,0,-2,-2,-2,-2,0,-2,-2,-2,7,1,1,-2,2,2,-2,-2,-2,1,0,0,0,0,0,0,0,0,1,0,0,0,0,0,1,0,0,0,1,0,0,0,0,0,0,0,0,-2,-2,-2,-2,0,1,-2,1,1,1,0,0,1,1,1,0,0,0,0,1,0,0,1,0,2,0,0,1,-2,-2,-2,0,0,0,-2,1,2,1,A,. ,2,-2,2,A,.,3,A,.,A,.,A,.,A,.,R,75,A,.,-2,-2,-2,-2,-2,-2,-2,-2,-2,-2,-2,-2,-2,-2,-2
181,109730,1,0,-2,0,0,0,0,2,-2,-2,-2,1,0,1,0,0,0,-2,-2,-2,-2,0,-2,-2,-2,7,1,1,-2,2,2,-2,-2,-2,1,0,0,0,0,0,0,0,0,1,0,0,1,0,1,0,0,0,1,0,0,0,0,0,0,0,0,0,-2,-2,-2,-2,0,1,-2,1,1,1,0,0,0,1,1,1,1,0,0,1,0,0,1,0,2,0,0,1,-2,-2,-2,0,0,0,-2,1,2,1,A,. ,2,-2,2,A,.,3,A,.,A,.,A,.,A,.,R,100,A,.,-2,-2,-2,-2,-2,-2,-2,-2,-2,-2,-2,-2,-2,-2,-2
182,109785,1,1,1,0,0,0,0,4,-2,-2,88,1,0,1,0,0,0,1,1,1,1,0,1,1,0,1,1,1,1,1,1,1,1,2,2,0,0,0,0,0,0,0,0,1,1,1,1,1,1,0,1,1,1,0,1,1,0,0,1,1,1,0,1,1,0,1,0,0,-2,1,1,1,0,0,1,1,1,1,1,1,0,1,0,0,1,0,2,1,1,0,1,1,0,1,1,1,1,0,2,1,A,. ,2,2,1,R,2467,2,A,.,R,5422,R,5200,A,.,R,45,R,45,1,1,0,0,0,0,0,2,-2,1,156,1,156,1,156
183,109819,1,1,1,0,1,0,0,1,2,0,-2,1,1,1,1,1,0,1,0,0,0,0,0,0,0,1,1,1,2,1,1,2,-2,-2,1,1,1,1,0,1,0,1,1,0,0,1,1,1,1,0,1,1,1,0,0,0,0,0,0,0,0,0,0,0,0,0,0,1,-2,1,1,1,1,0,1,1,1,1,1,1,0,2,0,0,0,0,1,1,0,0,-2,-2,-2,1,0,1,-2,0,2,1,A,. ,2,1,2,A,.,3,A,.,A,.,A,.,A,.,R,0,A,.,2,0,0,0,0,0,0,2,-2,2,-2,2,-2,2,-2
184,109907,1,1,-2,0,1,0,0,1,2,9,-2,1,0,1,1,1,0,0,0,0,0,0,0,0,0,1,1,1,2,1,1,2,-2,-2,1,1,1,1,0,1,0,1,0,0,0,1,0,1,1,0,1,1,1,0,0,0,0,0,0,0,1,0,0,0,0,0,0,0,-2,1,1,0,0,0,1,1,1,1,1,0,0,2,0,0,0,0,2,1,1,0,-2,-2,-2,1,1,1,-2,0,2,1,A,. ,2,1,2,A,.,3,A,.,A,.,A,.,A,.,R,0,A,.,1,0,0,1,0,0,0,2,-2,2,-2,2,-2,2,-2
185,109934,1,0,-2,0,0,0,0,2,-2,-2,-2,1,0,1,1,0,1,0,0,0,0,0,0,0,0,7,1,1,-2,2,2,-2,-2,-2,1,0,0,0,0,0,0,0,0,1,0,0,1,0,1,0,0,0,0,1,0,0,0,0,0,0,0,0,-2,-2,-2,-2,0,1,-2,0,1,1,0,0,0,0,1,0,0,0,0,1,1,0,1,1,2,1,0,0,-2,-2,-2,1,0,1,-2,0,2,1,A,. ,2,-2,2,A,.,3,A,.,A,.,A,.,A,.,R,0,A,.,-2,-2,-2,-2,-2,-2,-2,2,-2,2,-2,2,-2,2,-2
186,110060,1,1,0,0,0,0,0,4,-2,-2,99,1,0,1,0,0,0,1,0,1,0,0,0,1,0,1,1,1,1,1,1,1,1,2,1,0,0,0,0,0,0,1,0,0,0,0,0,0,0,1,1,0,1,0,0,0,0,0,0,1,0,0,0,0,0,0,0,0,-2,1,0,0,0,0,1,1,1,1,1,1,0,1,0,0,1,0,2,1,1,0,1,1,0,1,1,1,1,0,2,1,A,. ,2,2,2,A,.,3,A,.,A,.,A,.,A,.,R,0,R,0,1,0,0,0,0,1,0,2,-2,2,-2,2,-2,2,-2
187,110097,0,1,0,0,0,0,0,4,-2,-2,88,0,0,0,0,0,0,1,1,1,0,0,1,0,1,1,1,1,1,1,1,1,-2,-2,2,0,0,0,0,0,0,0,0,1,1,1,1,1,1,0,1,1,1,0,1,1,0,0,1,1,0,0,1,1,1,1,0,0,-2,1,1,1,0,0,1,1,1,1,1,1,0,1,0,0,1,0,2,1,1,0,1,1,0,1,1,1,1,0,2,2,R,8.68 ,2,2,1,R,2750,1,R,20,A,.,A,.,R,10522,R,45,R,65,1,1,0,0,0,0,0,2,-2,1,156,1,156,1,156
188,110194,1,0,-2,0,0,0,0,2,-2,-2,-2,0,0,0,1,0,0,-2,-2,-2,-2,0,-2,-2,-2,7,1,1,-2,2,2,-2,-2,-2,1,0,0,0,0,0,0,0,0,1,0,0,0,0,0,1,0,0,0,1,0,0,0,0,0,0,1,0,-2,-2,-2,-2,0,0,-2,1,0,1,0,0,1,1,1,0,1,0,0,1,0,0,1,0,2,0,0,1,-2,-2,-2,0,0,0,-2,1,2,1,A,. ,2,-2,2,A,.,3,A,.,A,.,A,.,A,.,R,0,A,.,-2,-2,-2,-2,-2,-2,-2,-2,-2,-2,-2,-2,-2,-2,-2
189,110219,1,1,0,0,0,0,0,2,-2,-2,-2,0,0,0,1,1,0,1,0,1,0,0,0,0,0,1,1,1,1,2,2,2,-2,-2,1,0,0,0,0,0,0,0,0,1,0,1,1,1,1,0,0,1,0,0,0,0,0,0,0,0,1,0,0,0,0,0,0,0,1,1,1,1,0,0,0,0,1,1,0,0,0,1,0,0,1,0,2,1,1,0,1,1,0,1,1,1,1,0,2,1,A,. ,2,2,2,A,.,3,A,.,A,.,A,.,A,.,R,25,R,100,2,0,0,0,0,0,0,2,-2,2,-2,2,-2,2,-2
190,110246,1,1,-2,1,1,0,1,1,2,8,-2,1,1,1,1,1,1,0,0,0,0,0,0,0,0,1,1,1,2,1,1,2,-2,-2,1,1,0,1,1,1,0,1,0,0,0,1,1,1,0,0,1,1,1,0,0,0,0,0,0,1,1,0,0,0,0,0,0,0,-2,1,1,1,1,0,1,1,1,1,1,1,0,1,0,0,1,1,1,1,1,0,-2,-2,-2,1,1,1,-2,0,2,2,R,6.50 ,2,1,2,A,.,3,A,.,A,.,A,.,A,.,R,0,A,.,2,0,0,0,0,0,0,2,-2,2,-2,2,-2,2,-2
191,110316,0,1,0,1,0,0,0,3,-2,-2,-2,0,0,0,0,0,0,1,1,1,0,0,1,1,0,1,1,2,1,1,2,1,1,2,-2,0,0,0,1,0,0,0,1,0,1,0,1,0,0,0,0,1,1,0,0,0,0,0,0,0,1,0,0,0,0,0,0,0,2,1,1,1,0,0,1,1,1,1,1,1,0,1,1,0,1,0,2,1,0,0,1,1,0,1,1,1,1,0,2,1,A,. ,-2,2,2,A,.,3,A,.,A,.,A,.,A,.,R,65,R,65,2,0,0,0,0,0,0,2,-2,2,-2,2,-2,2,-2
192,110334,1,1,-2,1,1,0,0,1,2,0,-2,1,0,1,1,1,0,0,0,0,0,0,0,0,0,1,1,1,2,1,1,2,-2,-2,1,1,0,0,1,1,0,1,1,0,0,0,1,1,0,0,1,1,1,0,0,0,0,0,0,1,1,0,1,1,0,1,0,0,-2,1,1,1,1,0,1,1,1,1,1,1,0,2,0,0,0,0,1,1,1,0,-2,-2,-2,1,1,1,-2,0,2,2,R,5.54 ,2,1,2,A,.,3,A,.,A,.,A,.,A,.,R,0,A,.,2,0,0,0,0,0,0,2,-2,2,-2,2,-2,2,-2
193,110361,0,1,0,0,0,0,0,4,-2,-2,75,0,0,0,0,1,0,1,0,1,0,0,1,0,0,1,1,1,1,1,1,1,-2,-2,2,0,0,0,0,0,0,0,0,1,1,1,1,1,0,0,1,1,1,0,1,1,0,0,1,1,1,1,1,1,0,1,0,0,-2,1,1,1,0,0,1,1,1,1,1,1,0,1,0,0,1,0,2,1,1,0,1,1,0,1,1,1,1,0,2,2,R,5.80 ,2,2,1,R,3715,2,A,.,R,7440,R,6430,A,.,R,45,R,45,1,1,0,0,0,0,0,2,-2,1,137,1,137,1,137
194,110370,0,1,0,0,0,0,0,3,-2,-2,-2,0,0,0,0,0,0,1,0,1,0,0,0,0,0,1,1,1,1,1,2,1,-2,-2,2,0,0,0,1,0,0,0,0,0,1,0,1,0,0,0,1,0,1,0,0,0,0,0,0,1,0,0,0,0,0,0,0,0,-2,1,1,1,0,0,1,1,1,1,1,1,0,1,0,0,1,0,2,1,0,0,1,0,0,1,0,1,1,0,2,1,A,. ,2,2,1,R,732,2,A,.,R,14400,R,6790,A,.,R,70,R,70,2,0,0,0,0,0,0,2,-2,2,-2,2,-2,2,-2
195,110398,0,1,1,0,0,0,0,1,2,0,-2,0,0,0,0,0,0,0,1,1,0,0,0,1,0,1,2,2,1,2,2,1,1,1,-2,0,0,0,0,0,0,0,0,1,0,0,1,1,1,0,0,0,0,1,0,0,0,0,0,1,0,0,0,0,0,0,0,0,4,1,1,1,0,0,1,1,1,1,1,1,0,2,0,0,0,0,2,-2,-2,-2,1,1,0,1,1,-2,1,0,2,-2,A,. ,-2,1,1,R,421,3,A,.,R,14617,A,.,A,.,A,.,R,0,2,0,0,0,0,0,0,2,-2,2,-2,2,-2,2,-2
196,110404,0,1,0,0,0,0,0,3,-2,-2,-2,0,0,0,0,0,0,1,0,1,1,0,1,0,0,2,1,1,1,2,2,1,-2,-2,2,0,0,0,0,0,0,0,0,1,1,1,1,0,0,0,0,0,0,1,1,1,0,0,1,1,0,1,0,0,0,0,0,0,-2,1,1,1,0,0,1,1,1,1,1,1,0,1,0,0,1,0,2,0,0,1,0,0,1,0,0,0,0,1,2,2,R,9.22 ,2,2,1,R,1572,2,A,.,R,10815,R,7791,A,.,R,75,R,100,1,1,0,0,0,0,0,2,-2,1,197,1,197,1,197
197,110413,1,1,1,0,0,0,0,4,-2,-2,39,0,0,0,0,0,0,1,1,1,1,0,0,1,0,1,1,1,1,1,2,1,1,2,2,0,0,0,0,0,0,0,0,1,1,1,1,1,1,0,1,1,1,0,1,0,0,0,1,1,1,1,1,1,0,0,0,0,-2,1,1,1,0,0,1,1,1,1,1,1,0,1,0,0,1,0,2,1,1,0,1,1,0,1,1,1,1,0,2,2,R,10.76 ,2,2,1,R,1517,1,R,25,R,8375,R,7115,A,.,R,25,R,50,1,1,0,0,0,0,0,1,197,1,197,1,197,1,197
198,110422,0,1,0,0,0,0,0,1,2,0,-2,0,0,0,0,0,0,1,1,1,0,0,0,0,0,2,1,1,1,1,1,1,-2,-2,2,1,1,0,0,0,0,0,1,0,0,1,1,1,1,0,1,1,1,0,1,1,0,0,0,1,0,1,1,0,0,1,0,0,-2,1,1,1,1,0,1,1,1,1,1,1,0,1,0,0,1,0,2,1,0,0,1,1,0,1,1,1,1,0,2,2,R,8.10 ,2,1,1,R,8702,2,A,.,R,10356,R,6770,A,.,R,70,R,70,1,1,0,0,0,0,0,1,105,1,109,1,109,1,109
199,110468,0,1,1,0,0,0,0,2,-2,-2,-2,1,1,1,1,0,0,1,1,1,1,0,1,1,0,1,1,1,1,1,1,1,1,1,2,0,0,0,0,0,0,0,1,0,1,1,1,0,1,0,0,0,1,0,0,0,0,0,0,0,1,0,1,1,0,1,0,0,-2,1,1,1,0,0,1,1,1,1,1,1,0,1,0,0,1,0,2,1,1,0,1,1,0,1,1,1,1,0,2,1,A,. ,2,2,2,A,.,3,A,.,A,.,A,.,A,.,R,65,R,65,2,0,0,0,0,0,0,2,-2,2,-2,2,-2,2,-2
